insert into board_group (id,name) values(1,'자유게시판');
insert into board_group (id,name) values(2,'1:1문의');
insert into board_group (id,name) values(3,'FAQ');
insert into board_group (id,name) values(4,'공지사항');


insert into board (id, title, content, is_like, dis_like, create_time, update_time, member_id, img1, img2, img3, img4, img5, is_admin, read_count, board_group_id) values (1, 'Rev', 'Hyderabad Airport', 4786, 6012, '2023-06-01', '2023-08-01', 1, 'Overhold', 'Veribet', 'Cardify', 'Bigtax', 'Treeflex', 1, 6544, 1);
insert into board (id, title, content, is_like, dis_like, create_time, update_time, member_id, img1, img2, img3, img4, img5, is_admin, read_count, board_group_id) values (2, 'Mrs', 'Kalakaket Creek AS Airport', 5590, 4296, '2023-07-26', '2023-06-27', 2, 'Namfix', 'Namfix', 'Bitwolf', 'Alphazap', 'Domainer', 1, 4039, 3);
insert into board (id, title, content, is_like, dis_like, create_time, update_time, member_id, img1, img2, img3, img4, img5, is_admin, read_count, board_group_id) values (3, 'Rev', 'Ouango Fitini Airport', 5993, 1057, '2023-05-20', '2023-07-16', 3, 'Cookley', 'Matsoft', 'Mat Lam Tam', 'Veribet', 'It', 2, 7738, 1);
insert into board (id, title, content, is_like, dis_like, create_time, update_time, member_id, img1, img2, img3, img4, img5, is_admin, read_count, board_group_id) values (4, 'Ms', 'Turaif Domestic Airport', 6601, 1407, '2023-03-11', '2023-07-29', 4, 'Tresom', 'Fintone', 'Zontrax', 'Namfix', 'Zaam-Dox', 1, 6771, 1);
insert into board (id, title, content, is_like, dis_like, create_time, update_time, member_id, img1, img2, img3, img4, img5, is_admin, read_count, board_group_id) values (5, 'Honorable', 'Grosseto Air Base', 6922, 8379, '2022-12-16', '2023-08-11', 5, 'Hatity', 'Redhold', 'Bigtax', 'Flexidy', 'Zathin', 2, 58, 2);
insert into board (id, title, content, is_like, dis_like, create_time, update_time, member_id, img1, img2, img3, img4, img5, is_admin, read_count, board_group_id) values (6, 'Honorable', 'Big Spring Mc Mahon-Wrinkle Airport', 3668, 4569, '2023-03-23', '2023-02-24', 6, 'Veribet', 'Regrant', 'Tres-Zap', 'Pannier', 'Lotlux', 2, 5862, 3);
insert into board (id, title, content, is_like, dis_like, create_time, update_time, member_id, img1, img2, img3, img4, img5, is_admin, read_count, board_group_id) values (7, 'Dr', 'Mörön Airport', 3331, 5665, '2023-05-13', '2023-10-10', 7, 'Bitwolf', 'Tampflex', 'Ronstring', 'Sub-Ex', 'Stringtough', 2, 7864, 2);
insert into board (id, title, content, is_like, dis_like, create_time, update_time, member_id, img1, img2, img3, img4, img5, is_admin, read_count, board_group_id) values (8, 'Rev', 'Zamora Airport', 6439, 6270, '2023-04-15', '2023-08-31', 8, 'Hatity', 'Holdlamis', 'Toughjoyfax', 'Home Ing', 'Temp', 2, 1731, 1);
insert into board (id, title, content, is_like, dis_like, create_time, update_time, member_id, img1, img2, img3, img4, img5, is_admin, read_count, board_group_id) values (9, 'Mr', 'Fairbanks International Airport', 2780, 2451, '2023-06-11', '2023-02-23', 9, 'Lotstring', 'Holdlamis', 'Daltfresh', 'Voltsillam', 'Bigtax', 1, 7993, 1);
insert into board (id, title, content, is_like, dis_like, create_time, update_time, member_id, img1, img2, img3, img4, img5, is_admin, read_count, board_group_id) values (10, 'Rev', 'Biangabip Airport', 721, 331, '2023-09-01', '2023-04-27', 10, 'Greenlam', 'Lotstring', 'Veribet', 'Namfix', 'Sub-Ex', 2, 8830, 2);

insert into board (id, title, content, is_like, dis_like, create_time, update_time, member_id, img1, img2, img3, img4, img5, is_admin, read_count, board_group_id) values (11, '바이x코에 톰포드 오드우드 할인하는데 사라마라탕 부탁드랴요', '지금 50퍼 할인에 20퍼 쿠폰 맥이면 

택비 포함 15.7인데 어떤가유?

향수쟁이라 집에 향수가 그득있는데

21갸월 아들과 75일 딸 잇어서 향수 뿌려본지 오랩니다

쟁여놓는거 우예생각하십니까

​

와이프왈

향수 넘쳐나는데 또 산다고?????

향수도 못뿌림서??

에휴 하루종일 고민할거면 그냥 사 .', 4786, 6012, '2023-06-01', '2023-08-01', 1, 'Overhold', 'Veribet', 'Cardify', 'Bigtax', 'Treeflex', 1, 6544, 1);

insert into board (id, title, content, is_like, dis_like, create_time, update_time, member_id, img1, img2, img3, img4, img5, is_admin, read_count, board_group_id) values (12, '돈 버는 재미는 언제 느끼셨나요?', '저는 아직 못느꼈어요', 4786, 6012, '2023-06-01', '2023-08-01', 1, 'Overhold', 'Veribet', 'Cardify', 'Bigtax', 'Treeflex', 1, 6544, 1);

insert into board (id, title, content, is_like, dis_like, create_time, update_time, member_id, img1, img2, img3, img4, img5, is_admin, read_count, board_group_id) values (13, '월세비용 급여대비 몇프로가 적당하다고 보세요?', '세후 450이면 

​

월세 월마까지가 적당한 금액일까요? ', 4786, 6012, '2023-06-01', '2023-08-01', 1, 'Overhold', 'Veribet', 'Cardify', 'Bigtax', 'Treeflex', 1, 6544, 1);

insert into board (id, title, content, is_like, dis_like, create_time, update_time, member_id, img1, img2, img3, img4, img5, is_admin, read_count, board_group_id) values (14, '건대에서 친한 직장 동료랑 한잔 적실 곳 추천 부탁드립니다', '나이대는 30대고요. 디매님들의 고견 얻고 싶어 여쭙니다. 미리 감사드립니다 굽신굽신.', 4786, 6012, '2023-06-01', '2023-08-01', 1, 'Overhold', 'Veribet', 'Cardify', 'Bigtax', 'Treeflex', 1, 6544, 1);

insert into board (id, title, content, is_like, dis_like, create_time, update_time, member_id, img1, img2, img3, img4, img5, is_admin, read_count, board_group_id) values (15, '소개팅 밸런스 맞을까요?', '남자 30대 초반 키 173 평범한 외모 

강남 치과개원의 집 대치

여자 20대 후반 키 165 예쁨

서울대 미대 출신 현재는 직업 없음 집 압구정', 4786, 6012, '2023-06-01', '2023-08-01', 1, 'Overhold', 'Veribet', 'Cardify', 'Bigtax', 'Treeflex', 1, 6544, 1);



insert into like_config (id,board_id,member_id,is_like,dis_like) values(1,1,1,0,0);
insert into like_config (id,board_id,member_id,is_like,dis_like) values(2,2,2,0,0);
insert into like_config (id,board_id,member_id,is_like,dis_like) values(3,3,3,0,0);


