insert into category (id, parent, name) values (1, null, '컴퓨터');
insert into category (id, parent, name) values (2, null, '노트북');
insert into category (id, parent, name) values (3, 1, '브랜드PC');
insert into category (id, parent, name) values (4, 1, '게이밍PC');
insert into category (id, parent, name) values (5, 1, '일체형PC');
insert into category (id, parent, name) values (6, 1, '미니PC/베어본');
insert into category (id, parent, name) values (7, 1, '서버/워크스테이션');
insert into category (id, parent, name) values (8, 2, '게이밍 노트북');
insert into category (id, parent, name) values (9, 2, 'APPLE 맥북');
insert into category (id, parent, name) values (10, 2, '인텔 CPU 노트북');
insert into category (id, parent, name) values (11, 2, 'AMD CPU 노트북');
insert into category (id, parent, name) values (12, 2, '노트북 주변기기');

insert into product (id, name, price, brand, img,desc_image,prev_image,rating,create_time,update_time) values (1,'MSI 사이보그 15 A12VE-i5 (SSD 512GB)',1039990,'MSI','/images/msi사이보그15.jpg','/images/msi사이보그15desc.jpg','/images/msi사이보그15thumb.jpg',0.0,sysdate,sysdate);
insert into product (id, name, price, brand, img,desc_image,prev_image,rating,create_time,update_time) values (2,'에이서 프레데터 Helios Neo 16 PHN16-71-93WL (SSD 512GB)',1669990,'에이서','/images/heliosneo16.jpg','/images/heliosneo16desc.jpg','/images/heliosneo16thumb.jpg',0.0,sysdate,sysdate);
insert into product (id, name, price, brand, img,desc_image,prev_image,rating,create_time,update_time) values (3,'레노버 요가 Pro 7i 14IRH8 82Y7005DKR (SSD 512GB)',1770690,'레노버','/images/yoga7i.jpg','/images/yoga7idesc.jpg','/images/yoga7ithumb.jpg',0.0,sysdate,sysdate);
insert into product (id, name, price, brand, img,desc_image,prev_image,rating,create_time,update_time) values (4,'에이서 프레데터 Helios Neo V 16 PHN16-71-53CH (SSD 512GB)',1399900,'에이서','/images/heliosneov16.jpg','/images/heliosneov16desc.jpg','/images/heliosneov16thumb.jpg',0.0,sysdate,sysdate);
insert into product (id, name, price, brand, img,desc_image,prev_image,rating,create_time,update_time) values (5,'LG전자 2023 그램16 16Z90R-EA5CK (SSD 512GB)',1761000,'LG전자','/images/lg그램16.jpg','/images/lg그램16desc.jpg','/images/lg그램16thumb.jpg',0.0,sysdate,sysdate);
insert into product (id, name, price, brand, img,desc_image,prev_image,rating,create_time,update_time) values (6,'MSI GF시리즈 Sword GF76 B13VFK (SSD 512GB)',1318000,'MSI','/images/swordgf.jpg','/images/swordgfdesc.jpg','/images/swordgfthumb.jpg',0.0,sysdate,sysdate);
insert into product (id, name, price, brand, img,desc_image,prev_image,rating,create_time,update_time) values (7,'레노버 아이디어패드 Pro 5i 16IRH i7 3050 (SSD 512GB)',1291000,'레노버','/images/idea5i.jpg','/images/idea5idesc.jpg','/images/idea5ithumb.jpg',0.0,sysdate,sysdate);
insert into product (id, name, price, brand, img,desc_image,prev_image,rating,create_time,update_time) values (8,'MSI GF시리즈 Thin GF63 12VE (SSD 512GB)',1131000,'MSI','/images/msithingf.jpg','/images/msithingfdesc.jpg','/images/msithingfthumb.jpg',0.0,sysdate,sysdate);
insert into product (id, name, price, brand, img,desc_image,prev_image,rating,create_time,update_time) values (9,'MSI GF시리즈 Sword GF76 B13VFK WIN11 32GB램 (SSD 512GB)',1448000,'MSI','/images/swordgf76.jpg','/images/swordgf76desc.jpg','/images/swordgf76thumb.jpg',0.0,sysdate,sysdate);
insert into product (id, name, price, brand, img,desc_image,prev_image,rating,create_time,update_time) values (10,'LG전자 2022 그램16(12세대) 16ZD90Q-EX5SK (SSD 256GB)',1377000,'MSI','/images/lggram.jpg','/images/lggramdesc.jpg','/images/lggramthumb.jpg',0.0,sysdate,sysdate);
insert into product (id, name, price, brand, img,desc_image,prev_image,rating,create_time,update_time) values (11,'APPLE 2023 맥북프로14 MPHE3KH/A (16GB, SSD 512GB)',2556100,'APPLE','/images/macpro14.jpg','/images/macpro14desc.jpg','/images/macpro14thumb.jpg',0.0,sysdate,sysdate);
insert into product (id, name, price, brand, img,desc_image,prev_image,rating,create_time,update_time) values (12,'APPLE 2023 맥북에어15 MQKP3KH/A (8GB, SSD 256GB)',1754100,'APPLE','/images/macair15.jpg','/images/macair15desc.jpg','/images/macair15thumb.jpg',0.0,sysdate,sysdate);
insert into product (id, name, price, brand, img,desc_image,prev_image,rating,create_time,update_time) values (13,'삼성전자 갤럭시북2 NT550XEZ-A58A WIN11 16GB램 (SSD 256GB)',719100,'삼성전자','/images/galbook2.jpg','/images/galbook2desc.jpg','/images/galbook2thumb.jpg',0.0,sysdate,sysdate);
insert into product (id, name, price, brand, img,desc_image,prev_image,rating,create_time,update_time) values (14,'삼성전자 갤럭시북3 프로 NT940XFT-A51A (SSD 256GB)',1366100,'삼성전자','/images/galbook3pro.jpg','/images/galbook3prodesc.jpg','/images/galbook3prothumb.jpg',0.0,sysdate,sysdate);
insert into product (id, name, price, brand, img,desc_image,prev_image,rating,create_time,update_time) values (15,'LG전자 2023 울트라PC 15UD40R-GX56K WIN11 16GB램 (SSD 256GB)',596000,'LG전자','/images/lgultra15.jpg','/images/lgultra15desc.jpg','/images/lgultra15thumb.jpg',0.0,sysdate,sysdate);
insert into product (id, name, price, brand, img,desc_image,prev_image,rating,create_time,update_time) values (16,'HP Nero 15-fc0065AU WIN11 (SSD 512GB)',558000,'HP','/images/hpnero15.jpg','/images/hpnero15desc.jpg','/images/hpnero15thumb.jpg',0.0,sysdate,sysdate);
insert into product (id, name, price, brand, img,desc_image,prev_image,rating,create_time,update_time) values (17,'에이서 스위프트 엣지 16 OLED SFE16-43-R8ZU (SSD 512GB)',1518000,'에이서','/images/swiftedge16.jpg','/images/swiftedge16desc.jpg','/images/swiftedge16thumb.jpg',0.0,sysdate,sysdate);
insert into product (id, name, price, brand, img,desc_image,prev_image,rating,create_time,update_time) values (18,'에이서 스위프트 GO 14 OLED SFG14-42-R16Z (SSD 512GB)',1028000,'에이서','/images/swiftgo14.jpg','/images/swiftgo14desc.jpg','/images/swiftgo14thumb.jpg',0.0,sysdate,sysdate);
insert into product (id, name, price, brand, img,desc_image,prev_image,rating,create_time,update_time) values (19,'ASUS 젠북 15 UM3504DA-BN144 (SSD 512GB)',1005000,'ASUS','/images/genbook15.jpg','/images/genbook15desc.jpg','/images/genbook15thumb.jpg',0.0,sysdate,sysdate);
insert into product (id, name, price, brand, img,desc_image,prev_image,rating,create_time,update_time) values (20,'잘만 ZM-NS1000',21000,'잘만','/images/zmns1000.jpg','/images/zmns1000desc.jpg','/images/zmns1000thumb.jpg',0.0,sysdate,sysdate);
insert into product (id, name, price, brand, img,desc_image,prev_image,rating,create_time,update_time) values (21,'홈플래닛 고급형 알루미늄 노트북 거치대',24600,'홈플래닛','/images/homeplanet.jpg',null,'/images/homeplanetthumb.jpg',0.0,sysdate,sysdate);
insert into product (id, name, price, brand, img,desc_image,prev_image,rating,create_time,update_time) values (22,'지클릭커 휴 쉴드 정보보안 블루라이트 차단 거치형 모니터필름 (24인치)',42000,'지클릭커','/images/shieldfilm.jpg','/images/shieldfilmdesc.jpg','/images/shieldfilmthumb.jpg',0.0,sysdate,sysdate);
insert into product (id, name, price, brand, img,desc_image,prev_image,rating,create_time,update_time) values (23,'ASRock DeskMini X300 5600G 120W M.2 대원씨티에스 (16GB, M.2 500GB)',445700,'ASrock','/images/asrockdeskmini.jpg','/images/asrockdeskminidesc.jpg','/images/asrockdeskminithumb.jpg',0.0,sysdate,sysdate);
insert into product (id, name, price, brand, img,desc_image,prev_image,rating,create_time,update_time) values (24,'DELL 에일리언웨어 Aurora R15 DAWR15N-WP07KR Dark (64GB, M.2 1TB + 2TB)',5999000,'DELL','/images/aurorar15.jpg',null,'/images/aurorar15thumb.jpg',0.0,sysdate,sysdate);
insert into product (id, name, price, brand, img,desc_image,prev_image,rating,create_time,update_time) values (25,'APPLE 아이맥 MGPK3KH/A (8GB, SSD 256GB)',1870000,'APPLE','/images/imac.jpg','/images/imacdesc.jpg','/images/imacthumb.jpg',0.0,sysdate,sysdate);
insert into product (id, name, price, brand, img,desc_image,prev_image,rating,create_time,update_time) values (26,'ASUS MiniPC PN40-BC905ZV J4025 Win10 Pro (4GB, eMMC 64GB)',343000,'ASUS','/images/asusminipc.jpg','/images/asusminipcdesc.jpg','/images/asusminipcthumb.jpg',0.0,sysdate,sysdate);
insert into product (id, name, price, brand, img,desc_image,prev_image,rating,create_time,update_time) values (27,'APPLE 아이맥 MGPK3KH/A (8GB, SSD 256GB)',1870000,'APPLE','/images/imac.jpg','/images/imacdesc.jpg','/images/imacthumb.jpg',0.0,sysdate,sysdate);


insert into category_set ( ID,CATEGORY_ID, PRODUCT_ID) values (1, 8, 1);
insert into category_set ( ID,CATEGORY_ID, PRODUCT_ID) values (2, 10, 1);
insert into category_set ( ID,CATEGORY_ID, PRODUCT_ID) values (3, 8, 2);
insert into category_set ( ID,CATEGORY_ID, PRODUCT_ID) values (4, 10, 2);
insert into category_set ( ID,CATEGORY_ID, PRODUCT_ID) values (5, 8, 3);
insert into category_set ( ID,CATEGORY_ID, PRODUCT_ID) values (6, 10, 3);
insert into category_set ( ID,CATEGORY_ID, PRODUCT_ID) values (7, 8, 4);
insert into category_set ( ID,CATEGORY_ID, PRODUCT_ID) values (8, 10, 4);
insert into category_set ( ID,CATEGORY_ID, PRODUCT_ID) values (9, 10, 5);
insert into category_set ( ID,CATEGORY_ID, PRODUCT_ID) values (10, 8, 6);
insert into category_set ( ID,CATEGORY_ID, PRODUCT_ID) values (11, 10, 6);
insert into category_set ( ID,CATEGORY_ID, PRODUCT_ID) values (12, 8, 7);
insert into category_set ( ID,CATEGORY_ID, PRODUCT_ID) values (13, 10, 7);
insert into category_set ( ID,CATEGORY_ID, PRODUCT_ID) values (14, 8, 8);
insert into category_set ( ID,CATEGORY_ID, PRODUCT_ID) values (15, 10, 8);
insert into category_set ( ID,CATEGORY_ID, PRODUCT_ID) values (16, 8, 9);
insert into category_set ( ID,CATEGORY_ID, PRODUCT_ID) values (17, 10, 9);
insert into category_set ( ID,CATEGORY_ID, PRODUCT_ID) values (18, 8, 10);
insert into category_set ( ID,CATEGORY_ID, PRODUCT_ID) values (19, 10, 10);
insert into category_set ( ID,CATEGORY_ID, PRODUCT_ID) values (20, 9, 11);
insert into category_set ( ID,CATEGORY_ID, PRODUCT_ID) values (21, 9, 12);
insert into category_set ( ID,CATEGORY_ID, PRODUCT_ID) values (22, 10, 13);
insert into category_set ( ID,CATEGORY_ID, PRODUCT_ID) values (23, 10, 14);
insert into category_set ( ID,CATEGORY_ID, PRODUCT_ID) values (24, 11, 15);
insert into category_set ( ID,CATEGORY_ID, PRODUCT_ID) values (25, 11, 16);
insert into category_set ( ID,CATEGORY_ID, PRODUCT_ID) values (26, 11, 17);
insert into category_set ( ID,CATEGORY_ID, PRODUCT_ID) values (27, 11, 18);
insert into category_set ( ID,CATEGORY_ID, PRODUCT_ID) values (28, 11, 19);
insert into category_set ( ID,CATEGORY_ID, PRODUCT_ID) values (29, 12, 20);
insert into category_set ( ID,CATEGORY_ID, PRODUCT_ID) values (30, 12, 21);
insert into category_set ( ID,CATEGORY_ID, PRODUCT_ID) values (31, 12, 22);
insert into category_set ( ID,CATEGORY_ID, PRODUCT_ID) values (32, 3, 23);
insert into category_set ( ID,CATEGORY_ID, PRODUCT_ID) values (33, 6, 23);
insert into category_set ( ID,CATEGORY_ID, PRODUCT_ID) values (34, 3, 24);
insert into category_set ( ID,CATEGORY_ID, PRODUCT_ID) values (35, 3, 25);
insert into category_set ( ID,CATEGORY_ID, PRODUCT_ID) values (36, 3, 26);
insert into category_set ( ID,CATEGORY_ID, PRODUCT_ID) values (37, 6, 26);



insert into option_set (id,product_id,stock,total_price,order_count,view_count,create_time,update_time) values(1,1,1000,1039990,0,0,sysdate,sysdate);
insert into option_set (id,product_id,stock,total_price,order_count,view_count,create_time,update_time) values(2,2,1000,1669990,0,0,sysdate,sysdate);
insert into option_set (id,product_id,stock,total_price,order_count,view_count,create_time,update_time) values(3,3,1000,1770690,0,0,sysdate,sysdate);
insert into option_set (id,product_id,stock,total_price,order_count,view_count,create_time,update_time) values(4,4,1000,1399900,0,0,sysdate,sysdate);
insert into option_set (id,product_id,stock,total_price,order_count,view_count,create_time,update_time) values(5,5,1000,1761000,0,0,sysdate,sysdate);
insert into option_set (id,product_id,stock,total_price,order_count,view_count,create_time,update_time) values(6,6,1000,1318000,0,0,sysdate,sysdate);
insert into option_set (id,product_id,stock,total_price,order_count,view_count,create_time,update_time) values(7,7,1000,1291000,0,0,sysdate,sysdate);
insert into option_set (id,product_id,stock,total_price,order_count,view_count,create_time,update_time) values(8,8,1000,1131000,0,0,sysdate,sysdate);
insert into option_set (id,product_id,stock,total_price,order_count,view_count,create_time,update_time) values(9,9,1000,1448000,0,0,sysdate,sysdate);
insert into option_set (id,product_id,stock,total_price,order_count,view_count,create_time,update_time) values(10,10,1000,1377000,0,0,sysdate,sysdate);
insert into option_set (id,product_id,stock,total_price,order_count,view_count,create_time,update_time) values(11,11,1000,2556100,0,0,sysdate,sysdate);
insert into option_set (id,product_id,stock,total_price,order_count,view_count,create_time,update_time) values(12,12,1000,1754100,0,0,sysdate,sysdate);
insert into option_set (id,product_id,stock,total_price,order_count,view_count,create_time,update_time) values(13,13,1000,719100,0,0,sysdate,sysdate);
insert into option_set (id,product_id,stock,total_price,order_count,view_count,create_time,update_time) values(14,14,1000,1366100,0,0,sysdate,sysdate);
insert into option_set (id,product_id,stock,total_price,order_count,view_count,create_time,update_time) values(15,15,1000,596000,0,0,sysdate,sysdate);
insert into option_set (id,product_id,stock,total_price,order_count,view_count,create_time,update_time) values(16,16,1000,558000,0,0,sysdate,sysdate);
insert into option_set (id,product_id,stock,total_price,order_count,view_count,create_time,update_time) values(17,17,1000,1518000,0,0,sysdate,sysdate);
insert into option_set (id,product_id,stock,total_price,order_count,view_count,create_time,update_time) values(18,18,1000,1028000,0,0,sysdate,sysdate);
insert into option_set (id,product_id,stock,total_price,order_count,view_count,create_time,update_time) values(19,19,1000,1005000,0,0,sysdate,sysdate);
insert into option_set (id,product_id,stock,total_price,order_count,view_count,create_time,update_time) values(20,20,1000,21000,0,0,sysdate,sysdate);
insert into option_set (id,product_id,stock,total_price,order_count,view_count,create_time,update_time) values(21,21,1000,24600,0,0,sysdate,sysdate);
insert into option_set (id,product_id,stock,total_price,order_count,view_count,create_time,update_time) values(22,22,1000,42000,0,0,sysdate,sysdate);
insert into option_set (id,product_id,stock,total_price,order_count,view_count,create_time,update_time) values(23,23,1000,445700,0,0,sysdate,sysdate);
insert into option_set (id,product_id,stock,total_price,order_count,view_count,create_time,update_time) values(24,24,1000,5999000,0,0,sysdate,sysdate);
insert into option_set (id,product_id,stock,total_price,order_count,view_count,create_time,update_time) values(25,25,1000,1870000,0,0,sysdate,sysdate);
insert into option_set (id,product_id,stock,total_price,order_count,view_count,create_time,update_time) values(26,26,1000,343000,0,0,sysdate,sysdate);
insert into option_set (id,product_id,stock,total_price,order_count,view_count,create_time,update_time) values(27,24,1000,1870000,0,0,sysdate,sysdate);

insert into options (EXTRA_PRICE, ID, OPTION_SET_ID, NAME, VALUE) values (0, 1, 1, '운영체제', '미포함');
insert into options (EXTRA_PRICE, ID, OPTION_SET_ID, NAME, VALUE) values (0, 2, 1, '화면비율', '16:9');
insert into options (EXTRA_PRICE, ID, OPTION_SET_ID, NAME, VALUE) values (0, 3, 1, '화면크기', '15.6인치');
insert into options (EXTRA_PRICE, ID, OPTION_SET_ID, NAME, VALUE) values (0, 4, 1, '해상도', '1920x1080');
insert into options (EXTRA_PRICE, ID, OPTION_SET_ID, NAME, VALUE) values (0, 5, 1, '광시야각', 'O');
insert into options (EXTRA_PRICE, ID, OPTION_SET_ID, NAME, VALUE) values (10000, 6, 1, 'CPU', '코어i5-12세대');
insert into options (EXTRA_PRICE, ID, OPTION_SET_ID, NAME, VALUE) values (0, 7, 1, '램용량', '8GB');
insert into options (EXTRA_PRICE, ID, OPTION_SET_ID, NAME, VALUE) values (0, 8, 1, 'GPU', '	RTX4050');
insert into options (EXTRA_PRICE, ID, OPTION_SET_ID, NAME, VALUE) values (68000, 9, 1, '저장용량', '512GB');
insert into options (EXTRA_PRICE, ID, OPTION_SET_ID, NAME, VALUE) values (0, 10, 1, '무게', '2kg');

insert into options (EXTRA_PRICE, ID, OPTION_SET_ID, NAME, VALUE) values (0, 11, 2, '운영체제', '미포함');
insert into options (EXTRA_PRICE, ID, OPTION_SET_ID, NAME, VALUE) values (0, 12, 2, '화면비율', '16:10');
insert into options (EXTRA_PRICE, ID, OPTION_SET_ID, NAME, VALUE) values (0, 13, 2, '화면크기', '16인치');
insert into options (EXTRA_PRICE, ID, OPTION_SET_ID, NAME, VALUE) values (0, 14, 2, '해상도', '2560x1600');
insert into options (EXTRA_PRICE, ID, OPTION_SET_ID, NAME, VALUE) values (0, 15, 2, '광시야각', 'O');
insert into options (EXTRA_PRICE, ID, OPTION_SET_ID, NAME, VALUE) values (80000, 16, 2, 'CPU', '코어i9-13세대');
insert into options (EXTRA_PRICE, ID, OPTION_SET_ID, NAME, VALUE) values (80000, 17, 2, '램용량', '16GB');
insert into options (EXTRA_PRICE, ID, OPTION_SET_ID, NAME, VALUE) values (12310, 18, 2, 'GPU', '	RTX4060');
insert into options (EXTRA_PRICE, ID, OPTION_SET_ID, NAME, VALUE) values (68000, 19, 2, '저장용량', '512GB');
insert into options (EXTRA_PRICE, ID, OPTION_SET_ID, NAME, VALUE) values (0, 20, 2, '무게', '2.6kg');

insert into options (EXTRA_PRICE, ID, OPTION_SET_ID, NAME, VALUE) values (0, 21, 3, '운영체제', '미포함');
insert into options (EXTRA_PRICE, ID, OPTION_SET_ID, NAME, VALUE) values (0, 22, 3, '화면비율', '16:10');
insert into options (EXTRA_PRICE, ID, OPTION_SET_ID, NAME, VALUE) values (0, 23, 3, '화면크기', '14.5인치');
insert into options (EXTRA_PRICE, ID, OPTION_SET_ID, NAME, VALUE) values (0, 24, 3, '해상도', '3072x1920');
insert into options (EXTRA_PRICE, ID, OPTION_SET_ID, NAME, VALUE) values (0, 25, 3, '광시야각', 'O');
insert into options (EXTRA_PRICE, ID, OPTION_SET_ID, NAME, VALUE) values (80000, 26, 3, 'CPU', '코어i7-13세대');
insert into options (EXTRA_PRICE, ID, OPTION_SET_ID, NAME, VALUE) values (80000, 27, 3, '램용량', '16GB');
insert into options (EXTRA_PRICE, ID, OPTION_SET_ID, NAME, VALUE) values (12310, 28, 3, 'GPU', '	RTX4050');
insert into options (EXTRA_PRICE, ID, OPTION_SET_ID, NAME, VALUE) values (68000, 29, 3, '저장용량', '512GB');
insert into options (EXTRA_PRICE, ID, OPTION_SET_ID, NAME, VALUE) values (0, 30, 3, '무게', '1.5kg');
insert into options (EXTRA_PRICE, ID, OPTION_SET_ID, NAME, VALUE) values (0, 31, 3, '슬림형 베젤', 'O');
insert into options (EXTRA_PRICE, ID, OPTION_SET_ID, NAME, VALUE) values (0, 32, 3, '돌비비전', 'O');
insert into options (EXTRA_PRICE, ID, OPTION_SET_ID, NAME, VALUE) values (0, 33, 3, '얼굴인식', 'O');

insert into options (EXTRA_PRICE, ID, OPTION_SET_ID, NAME, VALUE) values (0, 34, 4, '운영체제', '미포함');
insert into options (EXTRA_PRICE, ID, OPTION_SET_ID, NAME, VALUE) values (0, 35, 4, '화면비율', '16:10');
insert into options (EXTRA_PRICE, ID, OPTION_SET_ID, NAME, VALUE) values (0, 36, 4, '화면크기', '16인치');
insert into options (EXTRA_PRICE, ID, OPTION_SET_ID, NAME, VALUE) values (0, 37, 4, '해상도', '1920x1200');
insert into options (EXTRA_PRICE, ID, OPTION_SET_ID, NAME, VALUE) values (0, 38, 4, '광시야각', 'O');
insert into options (EXTRA_PRICE, ID, OPTION_SET_ID, NAME, VALUE) values (80000, 39, 4, 'CPU', '코어i5-13세대');
insert into options (EXTRA_PRICE, ID, OPTION_SET_ID, NAME, VALUE) values (80000, 40, 4, '램용량', '16GB');
insert into options (EXTRA_PRICE, ID, OPTION_SET_ID, NAME, VALUE) values (12310, 41, 4, 'GPU', '	RTX4060');
insert into options (EXTRA_PRICE, ID, OPTION_SET_ID, NAME, VALUE) values (68000, 42, 4, '저장용량', '512GB');
insert into options (EXTRA_PRICE, ID, OPTION_SET_ID, NAME, VALUE) values (0, 43, 4, '무게', '2.6kg');

insert into options (EXTRA_PRICE, ID, OPTION_SET_ID, NAME, VALUE) values (150000, 44, 5, '운영체제', '윈도우11홈');
insert into options (EXTRA_PRICE, ID, OPTION_SET_ID, NAME, VALUE) values (0, 45, 5, '화면비율', '16:10');
insert into options (EXTRA_PRICE, ID, OPTION_SET_ID, NAME, VALUE) values (0, 46, 5, '화면크기', '16인치');
insert into options (EXTRA_PRICE, ID, OPTION_SET_ID, NAME, VALUE) values (0, 47, 5, '해상도', '2560x1600');
insert into options (EXTRA_PRICE, ID, OPTION_SET_ID, NAME, VALUE) values (0, 48, 5, '광시야각', 'O');
insert into options (EXTRA_PRICE, ID, OPTION_SET_ID, NAME, VALUE) values (10000, 49, 5, 'CPU', '코어i5-13세대');
insert into options (EXTRA_PRICE, ID, OPTION_SET_ID, NAME, VALUE) values (12320, 50, 5, '램용량', '16GB');
insert into options (EXTRA_PRICE, ID, OPTION_SET_ID, NAME, VALUE) values (0, 51, 5, 'GPU', 'RTX3050');
insert into options (EXTRA_PRICE, ID, OPTION_SET_ID, NAME, VALUE) values (68000, 52, 5, '저장용량', '512GB');
insert into options (EXTRA_PRICE, ID, OPTION_SET_ID, NAME, VALUE) values (0, 53, 5, '무게', '1.3kg');
insert into options (EXTRA_PRICE, ID, OPTION_SET_ID, NAME, VALUE) values (0, 54, 5, '슬림형 베젤', 'O');
insert into options (EXTRA_PRICE, ID, OPTION_SET_ID, NAME, VALUE) values (0, 55, 5, '얼굴인식', 'O');

insert into options (EXTRA_PRICE, ID, OPTION_SET_ID, NAME, VALUE) values (0, 56, 6, '운영체제', '미포함');
insert into options (EXTRA_PRICE, ID, OPTION_SET_ID, NAME, VALUE) values (0, 57, 6, '화면비율', '16:9');
insert into options (EXTRA_PRICE, ID, OPTION_SET_ID, NAME, VALUE) values (0, 58, 6, '화면크기', '17.3인치');
insert into options (EXTRA_PRICE, ID, OPTION_SET_ID, NAME, VALUE) values (0, 59, 6, '해상도', '1920x1080');
insert into options (EXTRA_PRICE, ID, OPTION_SET_ID, NAME, VALUE) values (0, 60, 6, '광시야각', 'O');
insert into options (EXTRA_PRICE, ID, OPTION_SET_ID, NAME, VALUE) values (10000, 61, 6, 'CPU', '코어i7-13세대');
insert into options (EXTRA_PRICE, ID, OPTION_SET_ID, NAME, VALUE) values (0, 62, 6, '램용량', '16GB');
insert into options (EXTRA_PRICE, ID, OPTION_SET_ID, NAME, VALUE) values (0, 63, 6, 'GPU', '	RTX4060');
insert into options (EXTRA_PRICE, ID, OPTION_SET_ID, NAME, VALUE) values (68000, 64, 6, '저장용량', '512GB');
insert into options (EXTRA_PRICE, ID, OPTION_SET_ID, NAME, VALUE) values (0, 65, 6, '무게', '2.6kg');

insert into options (EXTRA_PRICE, ID, OPTION_SET_ID, NAME, VALUE) values (0, 66, 7, '운영체제', '미포함');
insert into options (EXTRA_PRICE, ID, OPTION_SET_ID, NAME, VALUE) values (0, 67, 7, '화면비율', '16:10');
insert into options (EXTRA_PRICE, ID, OPTION_SET_ID, NAME, VALUE) values (0, 68, 7, '화면크기', '16인치');
insert into options (EXTRA_PRICE, ID, OPTION_SET_ID, NAME, VALUE) values (0, 69, 7, '해상도', '2560x1600');
insert into options (EXTRA_PRICE, ID, OPTION_SET_ID, NAME, VALUE) values (0, 70, 7, '광시야각', 'O');
insert into options (EXTRA_PRICE, ID, OPTION_SET_ID, NAME, VALUE) values (10000, 71, 7, 'CPU', '코어i7-13세대');
insert into options (EXTRA_PRICE, ID, OPTION_SET_ID, NAME, VALUE) values (0, 72, 7, '램용량', '16GB');
insert into options (EXTRA_PRICE, ID, OPTION_SET_ID, NAME, VALUE) values (0, 73, 7, 'GPU', '	RTX3050');
insert into options (EXTRA_PRICE, ID, OPTION_SET_ID, NAME, VALUE) values (68000, 74, 7, '저장용량', '512GB');
insert into options (EXTRA_PRICE, ID, OPTION_SET_ID, NAME, VALUE) values (0, 75, 7, '무게', '1.9kg');
insert into options (EXTRA_PRICE, ID, OPTION_SET_ID, NAME, VALUE) values (0, 76, 7, '슬림형베젤', 'O');


insert into options (EXTRA_PRICE, ID, OPTION_SET_ID, NAME, VALUE) values (0, 77, 9, '운영체제', '윈도우11');
insert into options (EXTRA_PRICE, ID, OPTION_SET_ID, NAME, VALUE) values (0, 78, 9, '화면비율', '16:9');
insert into options (EXTRA_PRICE, ID, OPTION_SET_ID, NAME, VALUE) values (0, 79, 9, '화면크기', '17.3인치');
insert into options (EXTRA_PRICE, ID, OPTION_SET_ID, NAME, VALUE) values (0, 80, 9, '해상도', '1920x1080');
insert into options (EXTRA_PRICE, ID, OPTION_SET_ID, NAME, VALUE) values (0, 81, 9, '광시야각', 'O');
insert into options (EXTRA_PRICE, ID, OPTION_SET_ID, NAME, VALUE) values (10000, 82, 9, 'CPU', '코어i7-13세대');
insert into options (EXTRA_PRICE, ID, OPTION_SET_ID, NAME, VALUE) values (0, 83, 9, '램용량', '32GB');
insert into options (EXTRA_PRICE, ID, OPTION_SET_ID, NAME, VALUE) values (0, 84, 9, 'GPU', '	RTX4060');
insert into options (EXTRA_PRICE, ID, OPTION_SET_ID, NAME, VALUE) values (68000, 85, 9, '저장용량', '512GB');
insert into options (EXTRA_PRICE, ID, OPTION_SET_ID, NAME, VALUE) values (0, 86, 9, '무게', '2.6kg');

insert into options (EXTRA_PRICE, ID, OPTION_SET_ID, NAME, VALUE) values (0, 87, 10, '운영체제', '미포함');
insert into options (EXTRA_PRICE, ID, OPTION_SET_ID, NAME, VALUE) values (0, 88, 10, '화면비율', '16:10');
insert into options (EXTRA_PRICE, ID, OPTION_SET_ID, NAME, VALUE) values (0, 89, 10, '화면크기', '16인치');
insert into options (EXTRA_PRICE, ID, OPTION_SET_ID, NAME, VALUE) values (0, 90, 10, '해상도', '2560x1600');
insert into options (EXTRA_PRICE, ID, OPTION_SET_ID, NAME, VALUE) values (0, 91, 10, '광시야각', 'O');
insert into options (EXTRA_PRICE, ID, OPTION_SET_ID, NAME, VALUE) values (10000, 92, 10, 'CPU', '코어i5-12세대');
insert into options (EXTRA_PRICE, ID, OPTION_SET_ID, NAME, VALUE) values (0, 93, 10, '램용량', '16GB');
insert into options (EXTRA_PRICE, ID, OPTION_SET_ID, NAME, VALUE) values (0, 94, 10, 'GPU', '	RTX2050');
insert into options (EXTRA_PRICE, ID, OPTION_SET_ID, NAME, VALUE) values (68000, 95, 10, '저장용량', '256GB');
insert into options (EXTRA_PRICE, ID, OPTION_SET_ID, NAME, VALUE) values (0, 96, 10, '무게', '1.2kg');
insert into options (EXTRA_PRICE, ID, OPTION_SET_ID, NAME, VALUE) values (0, 97, 10, '슬림형베젤', 'O');
insert into options (EXTRA_PRICE, ID, OPTION_SET_ID, NAME, VALUE) values (0, 98, 10, '얼굴인식', 'O');

insert into options (EXTRA_PRICE, ID, OPTION_SET_ID, NAME, VALUE) values (0, 99, 11, '운영체제', 'macOS Ventura');
insert into options (EXTRA_PRICE, ID, OPTION_SET_ID, NAME, VALUE) values (0, 100, 11, '지문인식', 'O');
insert into options (EXTRA_PRICE, ID, OPTION_SET_ID, NAME, VALUE) values (0, 101, 11, '화면크기', '14.2인치');
insert into options (EXTRA_PRICE, ID, OPTION_SET_ID, NAME, VALUE) values (0, 102, 11, '해상도', '3024x1964');
insert into options (EXTRA_PRICE, ID, OPTION_SET_ID, NAME, VALUE) values (0, 103, 11, '광시야각', 'O');
insert into options (EXTRA_PRICE, ID, OPTION_SET_ID, NAME, VALUE) values (10000, 104, 11, 'CPU', '실리콘M2-Pro');
insert into options (EXTRA_PRICE, ID, OPTION_SET_ID, NAME, VALUE) values (0, 105, 11, '램용량', '16GB');
insert into options (EXTRA_PRICE, ID, OPTION_SET_ID, NAME, VALUE) values (0, 106, 11, 'GPU', 'M2 Pro 16core');
insert into options (EXTRA_PRICE, ID, OPTION_SET_ID, NAME, VALUE) values (68000, 107, 11, '저장용량', '512GB');
insert into options (EXTRA_PRICE, ID, OPTION_SET_ID, NAME, VALUE) values (0, 108, 11, '무게', '1.6kg');

insert into options (EXTRA_PRICE, ID, OPTION_SET_ID, NAME, VALUE) values (0, 109, 12, '운영체제', 'macOS Ventura');
insert into options (EXTRA_PRICE, ID, OPTION_SET_ID, NAME, VALUE) values (0, 110, 12, '화면비율', '16:10');
insert into options (EXTRA_PRICE, ID, OPTION_SET_ID, NAME, VALUE) values (0, 111, 12, '화면크기', '15.3인치');
insert into options (EXTRA_PRICE, ID, OPTION_SET_ID, NAME, VALUE) values (0, 112, 12, '해상도', '2880x1864');
insert into options (EXTRA_PRICE, ID, OPTION_SET_ID, NAME, VALUE) values (0, 113, 12, '광시야각', 'O');
insert into options (EXTRA_PRICE, ID, OPTION_SET_ID, NAME, VALUE) values (0, 114, 12, '트루톤', 'O');
insert into options (EXTRA_PRICE, ID, OPTION_SET_ID, NAME, VALUE) values (0, 115, 12, '지문인식', 'O');
insert into options (EXTRA_PRICE, ID, OPTION_SET_ID, NAME, VALUE) values (10000, 116, 12, 'CPU', '실리콘M2');
insert into options (EXTRA_PRICE, ID, OPTION_SET_ID, NAME, VALUE) values (0, 117, 12, '램용량', '8GB');
insert into options (EXTRA_PRICE, ID, OPTION_SET_ID, NAME, VALUE) values (0, 118, 12, 'GPU', '	M2 10 core');
insert into options (EXTRA_PRICE, ID, OPTION_SET_ID, NAME, VALUE) values (68000, 119, 12, '저장용량', '256GB');
insert into options (EXTRA_PRICE, ID, OPTION_SET_ID, NAME, VALUE) values (0, 120, 12, '무게', '1.5kg');

insert into options (EXTRA_PRICE, ID, OPTION_SET_ID, NAME, VALUE) values (0, 121, 13, '운영체제', '윈도우11');
insert into options (EXTRA_PRICE, ID, OPTION_SET_ID, NAME, VALUE) values (0, 122, 13, '화면비율', '16:9');
insert into options (EXTRA_PRICE, ID, OPTION_SET_ID, NAME, VALUE) values (0, 123, 13, '화면크기', '15.6인치');
insert into options (EXTRA_PRICE, ID, OPTION_SET_ID, NAME, VALUE) values (0, 124, 13, '해상도', '1920x1080');
insert into options (EXTRA_PRICE, ID, OPTION_SET_ID, NAME, VALUE) values (0, 126, 13, '광시야각', 'O');
insert into options (EXTRA_PRICE, ID, OPTION_SET_ID, NAME, VALUE) values (0, 127, 13, '슬림형베젤', 'O');
insert into options (EXTRA_PRICE, ID, OPTION_SET_ID, NAME, VALUE) values (10000, 125, 13, 'CPU', '코어i5-12세대');
insert into options (EXTRA_PRICE, ID, OPTION_SET_ID, NAME, VALUE) values (0, 131, 13, '램용량', '16GB');
insert into options (EXTRA_PRICE, ID, OPTION_SET_ID, NAME, VALUE) values (0, 128, 13, 'GPU', 'UHD Graphics');
insert into options (EXTRA_PRICE, ID, OPTION_SET_ID, NAME, VALUE) values (68000, 129, 13, '저장용량', '256GB');
insert into options (EXTRA_PRICE, ID, OPTION_SET_ID, NAME, VALUE) values (0, 130, 13, '무게', '1.8kg');

insert into options (EXTRA_PRICE, ID, OPTION_SET_ID, NAME, VALUE) values (0, 259, 14, '운영체제', '미포함');
insert into options (EXTRA_PRICE, ID, OPTION_SET_ID, NAME, VALUE) values (0, 132, 14, '화면비율', '16:10');
insert into options (EXTRA_PRICE, ID, OPTION_SET_ID, NAME, VALUE) values (0, 133, 14, '화면크기', '14인치');
insert into options (EXTRA_PRICE, ID, OPTION_SET_ID, NAME, VALUE) values (0, 134, 14, '해상도', '2880x1800');
insert into options (EXTRA_PRICE, ID, OPTION_SET_ID, NAME, VALUE) values (0, 136, 14, '광시야각', 'O');
insert into options (EXTRA_PRICE, ID, OPTION_SET_ID, NAME, VALUE) values (0, 137, 14, '슬림형베젤', 'O');
insert into options (EXTRA_PRICE, ID, OPTION_SET_ID, NAME, VALUE) values (10000, 135, 14, 'CPU', '코어i5-13세대');
insert into options (EXTRA_PRICE, ID, OPTION_SET_ID, NAME, VALUE) values (0, 141, 14, '램용량', '16GB');
insert into options (EXTRA_PRICE, ID, OPTION_SET_ID, NAME, VALUE) values (0, 138, 14, 'GPU', 'Iris Xe');
insert into options (EXTRA_PRICE, ID, OPTION_SET_ID, NAME, VALUE) values (68000, 139, 14, '저장용량', '256GB');
insert into options (EXTRA_PRICE, ID, OPTION_SET_ID, NAME, VALUE) values (0, 140, 14, '무게', '1.2kg');
insert into options (EXTRA_PRICE, ID, OPTION_SET_ID, NAME, VALUE) values (0, 142, 14, '지문인식', 'O');
insert into options (EXTRA_PRICE, ID, OPTION_SET_ID, NAME, VALUE) values (0, 143, 14, 'microSD카드', 'O');

insert into options (EXTRA_PRICE, ID, OPTION_SET_ID, NAME, VALUE) values (0, 151, 15, '운영체제', '윈도우11');
insert into options (EXTRA_PRICE, ID, OPTION_SET_ID, NAME, VALUE) values (0, 152, 15, '화면비율', '16:9');
insert into options (EXTRA_PRICE, ID, OPTION_SET_ID, NAME, VALUE) values (0, 153, 15, '화면크기', '15.6인치');
insert into options (EXTRA_PRICE, ID, OPTION_SET_ID, NAME, VALUE) values (0, 144, 15, '해상도', '1920x1080');
insert into options (EXTRA_PRICE, ID, OPTION_SET_ID, NAME, VALUE) values (0, 146, 15, '광시야각', 'O');
insert into options (EXTRA_PRICE, ID, OPTION_SET_ID, NAME, VALUE) values (0, 147, 15, '슬림형베젤', 'O');
insert into options (EXTRA_PRICE, ID, OPTION_SET_ID, NAME, VALUE) values (10000, 145, 15, 'CPU', '라이젠5(Zen3)');
insert into options (EXTRA_PRICE, ID, OPTION_SET_ID, NAME, VALUE) values (0, 155, 15, '램용량', '16GB');
insert into options (EXTRA_PRICE, ID, OPTION_SET_ID, NAME, VALUE) values (0, 148, 15, 'GPU', 'Radeon Graphics');
insert into options (EXTRA_PRICE, ID, OPTION_SET_ID, NAME, VALUE) values (68000, 149, 15, '저장용량', '256GB');
insert into options (EXTRA_PRICE, ID, OPTION_SET_ID, NAME, VALUE) values (0, 150, 15, '무게', '1.7kg');
insert into options (EXTRA_PRICE, ID, OPTION_SET_ID, NAME, VALUE) values (0, 154, 15, 'microSD카드', 'O');

insert into options (EXTRA_PRICE, ID, OPTION_SET_ID, NAME, VALUE) values (0, 156, 16, '운영체제', '윈도우11');
insert into options (EXTRA_PRICE, ID, OPTION_SET_ID, NAME, VALUE) values (0, 157, 16, '화면비율', '16:9');
insert into options (EXTRA_PRICE, ID, OPTION_SET_ID, NAME, VALUE) values (0, 158, 16, '화면크기', '15.6인치');
insert into options (EXTRA_PRICE, ID, OPTION_SET_ID, NAME, VALUE) values (0, 159, 16, '해상도', '1920x1080');
insert into options (EXTRA_PRICE, ID, OPTION_SET_ID, NAME, VALUE) values (0, 160, 16, '광시야각', 'O');
insert into options (EXTRA_PRICE, ID, OPTION_SET_ID, NAME, VALUE) values (0, 161, 16, '슬림형베젤', 'O');
insert into options (EXTRA_PRICE, ID, OPTION_SET_ID, NAME, VALUE) values (10000, 162, 16, 'CPU', '라이젠5(Zen3)');
insert into options (EXTRA_PRICE, ID, OPTION_SET_ID, NAME, VALUE) values (0, 163, 16, '램용량', '16GB');
insert into options (EXTRA_PRICE, ID, OPTION_SET_ID, NAME, VALUE) values (0, 164, 16, 'GPU', 'Radeon Graphics');
insert into options (EXTRA_PRICE, ID, OPTION_SET_ID, NAME, VALUE) values (68000, 165, 16, '저장용량', '512GB');
insert into options (EXTRA_PRICE, ID, OPTION_SET_ID, NAME, VALUE) values (0, 166, 16, '무게', '1.6kg');

insert into options (EXTRA_PRICE, ID, OPTION_SET_ID, NAME, VALUE) values (0, 167, 17, '운영체제', '미포함');
insert into options (EXTRA_PRICE, ID, OPTION_SET_ID, NAME, VALUE) values (0, 168, 17, '화면비율', '16:10');
insert into options (EXTRA_PRICE, ID, OPTION_SET_ID, NAME, VALUE) values (0, 169, 17, '화면크기', '16인치');
insert into options (EXTRA_PRICE, ID, OPTION_SET_ID, NAME, VALUE) values (0, 170, 17, '해상도', '3200x2000');
insert into options (EXTRA_PRICE, ID, OPTION_SET_ID, NAME, VALUE) values (0, 171, 17, '광시야각', 'O');
insert into options (EXTRA_PRICE, ID, OPTION_SET_ID, NAME, VALUE) values (0, 172, 17, '슬림형베젤', 'O');
insert into options (EXTRA_PRICE, ID, OPTION_SET_ID, NAME, VALUE) values (10000, 173, 17, 'CPU', '라이젠7(Zen4)');
insert into options (EXTRA_PRICE, ID, OPTION_SET_ID, NAME, VALUE) values (0, 174, 17, '램용량', '32GB');
insert into options (EXTRA_PRICE, ID, OPTION_SET_ID, NAME, VALUE) values (0, 175, 17, 'GPU', 'Radeon 780M');
insert into options (EXTRA_PRICE, ID, OPTION_SET_ID, NAME, VALUE) values (68000, 176, 17, '저장용량', '512GB');
insert into options (EXTRA_PRICE, ID, OPTION_SET_ID, NAME, VALUE) values (0, 177, 17, '무게', '1.2kg');
insert into options (EXTRA_PRICE, ID, OPTION_SET_ID, NAME, VALUE) values (0, 178, 17, '지문인식', 'O');
insert into options (EXTRA_PRICE, ID, OPTION_SET_ID, NAME, VALUE) values (0, 179, 17, 'microSD카드', 'O');

insert into options (EXTRA_PRICE, ID, OPTION_SET_ID, NAME, VALUE) values (0, 180, 18, '운영체제', '미포함');
insert into options (EXTRA_PRICE, ID, OPTION_SET_ID, NAME, VALUE) values (0, 181, 18, '화면비율', '16:10');
insert into options (EXTRA_PRICE, ID, OPTION_SET_ID, NAME, VALUE) values (0, 182, 18, '화면크기', '14인치');
insert into options (EXTRA_PRICE, ID, OPTION_SET_ID, NAME, VALUE) values (0, 183, 18, '해상도', '2880x1800');
insert into options (EXTRA_PRICE, ID, OPTION_SET_ID, NAME, VALUE) values (0, 184, 18, '광시야각', 'O');
insert into options (EXTRA_PRICE, ID, OPTION_SET_ID, NAME, VALUE) values (0, 185, 18, '슬림형베젤', 'O');
insert into options (EXTRA_PRICE, ID, OPTION_SET_ID, NAME, VALUE) values (10000, 186, 18, 'CPU', '라이젠7(Zen4)');
insert into options (EXTRA_PRICE, ID, OPTION_SET_ID, NAME, VALUE) values (0, 187, 18, '램용량', '16GB');
insert into options (EXTRA_PRICE, ID, OPTION_SET_ID, NAME, VALUE) values (0, 188, 18, 'GPU', 'Radeon 780M');
insert into options (EXTRA_PRICE, ID, OPTION_SET_ID, NAME, VALUE) values (68000, 189, 18, '저장용량', '512GB');
insert into options (EXTRA_PRICE, ID, OPTION_SET_ID, NAME, VALUE) values (0, 190, 18, '무게', '1.3kg');
insert into options (EXTRA_PRICE, ID, OPTION_SET_ID, NAME, VALUE) values (0, 191, 18, '지문인식', 'O');
insert into options (EXTRA_PRICE, ID, OPTION_SET_ID, NAME, VALUE) values (0, 192, 18, 'microSD카드', 'O');

insert into options (EXTRA_PRICE, ID, OPTION_SET_ID, NAME, VALUE) values (0, 193, 19, '운영체제', '미포함');
insert into options (EXTRA_PRICE, ID, OPTION_SET_ID, NAME, VALUE) values (0, 194, 19, '화면비율', '16:9');
insert into options (EXTRA_PRICE, ID, OPTION_SET_ID, NAME, VALUE) values (0, 195, 19, '화면크기', '15.6인치');
insert into options (EXTRA_PRICE, ID, OPTION_SET_ID, NAME, VALUE) values (0, 196, 19, '해상도', '1920x1080');
insert into options (EXTRA_PRICE, ID, OPTION_SET_ID, NAME, VALUE) values (0, 197, 19, '광시야각', 'O');
insert into options (EXTRA_PRICE, ID, OPTION_SET_ID, NAME, VALUE) values (0, 198, 19, '슬림형베젤', 'O');
insert into options (EXTRA_PRICE, ID, OPTION_SET_ID, NAME, VALUE) values (10000, 199, 19, 'CPU', '라이젠5(Zen3+)');
insert into options (EXTRA_PRICE, ID, OPTION_SET_ID, NAME, VALUE) values (0, 200, 19, '램용량', '16GB');
insert into options (EXTRA_PRICE, ID, OPTION_SET_ID, NAME, VALUE) values (0, 201, 19, 'GPU', 'Radeon 660M');
insert into options (EXTRA_PRICE, ID, OPTION_SET_ID, NAME, VALUE) values (68000, 202, 19, '저장용량', '512GB');
insert into options (EXTRA_PRICE, ID, OPTION_SET_ID, NAME, VALUE) values (0, 203, 19, '무게', '1.5kg');
insert into options (EXTRA_PRICE, ID, OPTION_SET_ID, NAME, VALUE) values (0, 204, 19, '얼굴인식', 'O');

insert into options (EXTRA_PRICE, ID, OPTION_SET_ID, NAME, VALUE) values (0, 205, 20, '종류', '쿨링패드');
insert into options (EXTRA_PRICE, ID, OPTION_SET_ID, NAME, VALUE) values (0, 206, 20, '재질', '플라스틱');
insert into options (EXTRA_PRICE, ID, OPTION_SET_ID, NAME, VALUE) values (0, 207, 20, '호환크기', '16인치');
insert into options (EXTRA_PRICE, ID, OPTION_SET_ID, NAME, VALUE) values (0, 208, 20, '미끄럼방지', 'O');
insert into options (EXTRA_PRICE, ID, OPTION_SET_ID, NAME, VALUE) values (0, 209, 20, '저소음', 'O');

insert into options (EXTRA_PRICE, ID, OPTION_SET_ID, NAME, VALUE) values (0, 210, 21, '종류', '받침대');
insert into options (EXTRA_PRICE, ID, OPTION_SET_ID, NAME, VALUE) values (0, 211, 21, '호환크기', '17인치');

insert into options (EXTRA_PRICE, ID, OPTION_SET_ID, NAME, VALUE) values (0, 212, 22, '종류', '액정보호필름');
insert into options (EXTRA_PRICE, ID, OPTION_SET_ID, NAME, VALUE) values (0, 213, 22, '호환크기', '24인치');
insert into options (EXTRA_PRICE, ID, OPTION_SET_ID, NAME, VALUE) values (0, 214, 22, '재질', 'PET');
insert into options (EXTRA_PRICE, ID, OPTION_SET_ID, NAME, VALUE) values (0, 215, 22, '눈부심방지', 'O');
insert into options (EXTRA_PRICE, ID, OPTION_SET_ID, NAME, VALUE) values (0, 216, 22, '자외선차단', 'O');
insert into options (EXTRA_PRICE, ID, OPTION_SET_ID, NAME, VALUE) values (0, 217, 22, '블루라이트차단', 'O');

insert into options (EXTRA_PRICE, ID, OPTION_SET_ID, NAME, VALUE) values (0, 218, 23, 'CPU', '라이젠5-4세대');
insert into options (EXTRA_PRICE, ID, OPTION_SET_ID, NAME, VALUE) values (0, 219, 23, '메모리용량', '16GB');
insert into options (EXTRA_PRICE, ID, OPTION_SET_ID, NAME, VALUE) values (0, 220, 23, '저장용량', '500GB');
insert into options (EXTRA_PRICE, ID, OPTION_SET_ID, NAME, VALUE) values (0, 221, 23, '운영체제', '미포함');
insert into options (EXTRA_PRICE, ID, OPTION_SET_ID, NAME, VALUE) values (0, 222, 23, 'GPU', '라데온 그래픽스 7');

insert into options (EXTRA_PRICE, ID, OPTION_SET_ID, NAME, VALUE) values (0, 223, 24, 'CPU', '코어i9-13세대');
insert into options (EXTRA_PRICE, ID, OPTION_SET_ID, NAME, VALUE) values (1500000, 224, 24, '메모리용량', '64GB');
insert into options (EXTRA_PRICE, ID, OPTION_SET_ID, NAME, VALUE) values (0, 225, 24, '저장용량', '1TB');
insert into options (EXTRA_PRICE, ID, OPTION_SET_ID, NAME, VALUE) values (0, 226, 24, '그래픽메모리', '16GB');
insert into options (EXTRA_PRICE, ID, OPTION_SET_ID, NAME, VALUE) values (0, 227, 24, 'GPU', '지포스 RTX 4080');
insert into options (EXTRA_PRICE, ID, OPTION_SET_ID, NAME, VALUE) values (0, 228, 24, '운영체제', '윈도우11프로');

insert into options (EXTRA_PRICE, ID, OPTION_SET_ID, NAME, VALUE) values (0, 229, 25, 'CPU', 'M1');
insert into options (EXTRA_PRICE, ID, OPTION_SET_ID, NAME, VALUE) values (0, 230, 25, '메모리용량', '8GB');
insert into options (EXTRA_PRICE, ID, OPTION_SET_ID, NAME, VALUE) values (0, 231, 25, '저장용량', '256GB');
insert into options (EXTRA_PRICE, ID, OPTION_SET_ID, NAME, VALUE) values (0, 232, 25, '그래픽메모리', '16GB');
insert into options (EXTRA_PRICE, ID, OPTION_SET_ID, NAME, VALUE) values (0, 233, 25, 'GPU', 'M1 8 core');
insert into options (EXTRA_PRICE, ID, OPTION_SET_ID, NAME, VALUE) values (0, 234, 25, '운영체제', 'Mac OS Big Sur');
insert into options (EXTRA_PRICE, ID, OPTION_SET_ID, NAME, VALUE) values (0, 235, 25, '화면크기', '24인치');
insert into options (EXTRA_PRICE, ID, OPTION_SET_ID, NAME, VALUE) values (0, 236, 25, '해상도', '4480x2520');

insert into options (EXTRA_PRICE, ID, OPTION_SET_ID, NAME, VALUE) values (0, 237, 26, 'CPU', '셀러론');
insert into options (EXTRA_PRICE, ID, OPTION_SET_ID, NAME, VALUE) values (0, 238, 26, '메모리용량', '4GB');
insert into options (EXTRA_PRICE, ID, OPTION_SET_ID, NAME, VALUE) values (0, 239, 26, '저장용량', '64GB');
insert into options (EXTRA_PRICE, ID, OPTION_SET_ID, NAME, VALUE) values (0, 240, 26, 'GPU', 'UHD 그래픽스 600');
insert into options (EXTRA_PRICE, ID, OPTION_SET_ID, NAME, VALUE) values (0, 241, 26, '운영체제', '윈도우10프로');

insert into options (EXTRA_PRICE, ID, OPTION_SET_ID, NAME, VALUE) values (0, 242, 27, 'CPU', '코어i9-13세대');
insert into options (EXTRA_PRICE, ID, OPTION_SET_ID, NAME, VALUE) values (0, 243, 27, '메모리용량', '32GB');
insert into options (EXTRA_PRICE, ID, OPTION_SET_ID, NAME, VALUE) values (0, 244, 27, '저장용량', '1TB');
insert into options (EXTRA_PRICE, ID, OPTION_SET_ID, NAME, VALUE) values (0, 245, 27, '그래픽메모리', '16GB');
insert into options (EXTRA_PRICE, ID, OPTION_SET_ID, NAME, VALUE) values (0, 246, 27, 'GPU', '지포스 RTX 3080');
insert into options (EXTRA_PRICE, ID, OPTION_SET_ID, NAME, VALUE) values (0, 247, 27, '운영체제', '윈도우11프로');

insert into options (EXTRA_PRICE, ID, OPTION_SET_ID, NAME, VALUE) values (0, 248, 8, '운영체제', '미포함');
insert into options (EXTRA_PRICE, ID, OPTION_SET_ID, NAME, VALUE) values (0, 249, 8, '화면비율', '16:9');
insert into options (EXTRA_PRICE, ID, OPTION_SET_ID, NAME, VALUE) values (0, 250, 8, '화면크기', '15.6인치');
insert into options (EXTRA_PRICE, ID, OPTION_SET_ID, NAME, VALUE) values (0, 251, 8, '해상도', '1920x1080');
insert into options (EXTRA_PRICE, ID, OPTION_SET_ID, NAME, VALUE) values (0, 252, 8, '광시야각', 'O');
insert into options (EXTRA_PRICE, ID, OPTION_SET_ID, NAME, VALUE) values (10000, 253, 8, 'CPU', '코어i7-12세대');
insert into options (EXTRA_PRICE, ID, OPTION_SET_ID, NAME, VALUE) values (0, 254, 8, '램용량', '8GB');
insert into options (EXTRA_PRICE, ID, OPTION_SET_ID, NAME, VALUE) values (0, 255, 8, 'GPU', '	RTX4050');
insert into options (EXTRA_PRICE, ID, OPTION_SET_ID, NAME, VALUE) values (68000, 256, 8, '저장용량', '512GB');
insert into options (EXTRA_PRICE, ID, OPTION_SET_ID, NAME, VALUE) values (0, 257, 8, '무게', '1.7kg');
insert into options (EXTRA_PRICE, ID, OPTION_SET_ID, NAME, VALUE) values (0, 258, 8, '슬림형베젤', 'O');


//recentview
insert into recent_view values(sysdate, 1, 1, 1, sysdate);
insert into recent_view values(sysdate, 2, 1, 2, sysdate);
insert into recent_view values(sysdate, 3, 1, 3, sysdate);
insert into recent_view values(sysdate, 4, 1, 4, sysdate);
insert into recent_view values(sysdate, 5, 1, 5, sysdate);
insert into recent_view values(sysdate, 6, 1, 6, sysdate);
insert into recent_view values(sysdate, 7, 2, 8, sysdate);
insert into recent_view values(sysdate, 8, 2, 1, sysdate);
insert into recent_view values(sysdate, 9, 2, 2, sysdate);
insert into recent_view values(sysdate, 10, 2, 3, sysdate);
insert into recent_view values(sysdate, 11, 2, 9, sysdate);
insert into recent_view values(sysdate, 12, 3, 1, sysdate);
insert into recent_view values(sysdate, 13, 3, 6, sysdate);
//interest
insert into interest values(sysdate, 1, 1, 1, sysdate);
insert into interest values(sysdate, 2, 1, 2, sysdate);
insert into interest values(sysdate, 3, 1, 3, sysdate);
insert into interest values(sysdate, 4, 1, 4, sysdate);
insert into interest values(sysdate, 5, 1, 5, sysdate);
insert into interest values(sysdate, 6, 1, 6, sysdate);
insert into interest values(sysdate, 7, 2, 8, sysdate);
insert into interest values(sysdate, 8, 2, 1, sysdate);
insert into interest values(sysdate, 9, 2, 2, sysdate);
insert into interest values(sysdate, 10, 2, 3, sysdate);
insert into interest values(sysdate, 11, 2, 9, sysdate);
insert into interest values(sysdate, 12, 3, 1, sysdate);
insert into interest values(sysdate, 13, 3, 6, sysdate);
