insert into category (parent, name) values ( null, '컴퓨터');
insert into category (parent, name) values (null, '노트북');
insert into category (parent, name) values (1, '브랜드PC');
insert into category (parent, name) values (1, '게이밍PC');
insert into category (parent, name) values (1, '일체형PC');
insert into category (parent, name) values (1, '미니PC/베어본');
insert into category (parent, name) values (1, '서버/워크스테이션');
insert into category (parent, name) values (2, '게이밍 노트북');
insert into category (parent, name) values (2, 'APPLE 맥북');
insert into category (parent, name) values (2, '인텔 CPU 노트북');
insert into category (parent, name) values (2, 'AMD CPU 노트북');
insert into category (parent, name) values (2, '노트북 주변기기');

insert into product (name, price, brand, img,desc_image,prev_image,rating,create_time,update_time) values ('MSI 사이보그 15 A12VE-i5 (SSD 512GB)',1039990,'MSI','/images/msi사이보그15.jpg','/images/msi사이보그15desc.jpg','/images/msi사이보그15thumb.jpg',0.0,sysdate,sysdate);
insert into product (name, price, brand, img,desc_image,prev_image,rating,create_time,update_time) values ('에이서 프레데터 Helios Neo 16 PHN16-71-93WL (SSD 512GB)',1669990,'에이서','/images/heliosneo16.jpg','/images/heliosneo16desc.jpg','/images/heliosneo16thumb.jpg',0.0,sysdate,sysdate);
insert into product (name, price, brand, img,desc_image,prev_image,rating,create_time,update_time) values ('레노버 요가 Pro 7i 14IRH8 82Y7005DKR (SSD 512GB)',1770690,'레노버','/images/yoga7i.jpg','/images/yoga7idesc.jpg','/images/yoga7ithumb.jpg',0.0,sysdate,sysdate);
insert into product (name, price, brand, img,desc_image,prev_image,rating,create_time,update_time) values ('에이서 프레데터 Helios Neo V 16 PHN16-71-53CH (SSD 512GB)',1399900,'에이서','/images/heliosneov16.jpg','/images/heliosneov16desc.jpg','/images/heliosneov16thumb.jpg',0.0,sysdate,sysdate);
insert into product (name, price, brand, img,desc_image,prev_image,rating,create_time,update_time) values ('LG전자 2023 그램16 16Z90R-EA5CK (SSD 512GB)',1761000,'LG전자','/images/lg그램16.jpg','/images/lg그램16desc.jpg','/images/lg그램16thumb.jpg',0.0,sysdate,sysdate);
insert into product (name, price, brand, img,desc_image,prev_image,rating,create_time,update_time) values ('MSI GF시리즈 Sword GF76 B13VFK (SSD 512GB)',1318000,'MSI','/images/swordgf.jpg','/images/swordgfdesc.jpg','/images/swordgfthumb.jpg',0.0,sysdate,sysdate);
insert into product (name, price, brand, img,desc_image,prev_image,rating,create_time,update_time) values ('레노버 아이디어패드 Pro 5i 16IRH i7 3050 (SSD 512GB)',1291000,'레노버','/images/idea5i.jpg','/images/idea5idesc.jpg','/images/idea5ithumb.jpg',0.0,sysdate,sysdate);
insert into product (name, price, brand, img,desc_image,prev_image,rating,create_time,update_time) values ('MSI GF시리즈 Thin GF63 12VE (SSD 512GB)',1131000,'MSI','/images/msithingf.jpg','/images/msithingfdesc.jpg','/images/msithingfthumb.jpg',0.0,sysdate,sysdate);
insert into product (name, price, brand, img,desc_image,prev_image,rating,create_time,update_time) values ('MSI GF시리즈 Sword GF76 B13VFK WIN11 32GB램 (SSD 512GB)',1448000,'MSI','/images/swordgf76.jpg','/images/swordgf76desc.jpg','/images/swordgf76thumb.jpg',0.0,sysdate,sysdate);
insert into product (name, price, brand, img,desc_image,prev_image,rating,create_time,update_time) values ('LG전자 2022 그램16(12세대) 16ZD90Q-EX5SK (SSD 256GB)',1377000,'MSI','/images/lggram.jpg','/images/lggramdesc.jpg','/images/lggramthumb.jpg',0.0,sysdate,sysdate);
insert into product (name, price, brand, img,desc_image,prev_image,rating,create_time,update_time) values ('APPLE 2023 맥북프로14 MPHE3KH/A (16GB, SSD 512GB)',2556100,'APPLE','/images/macpro14.jpg','/images/macpro14desc.jpg','/images/macpro14thumb.jpg',0.0,sysdate,sysdate);
insert into product (name, price, brand, img,desc_image,prev_image,rating,create_time,update_time) values ('APPLE 2023 맥북에어15 MQKP3KH/A (8GB, SSD 256GB)',1754100,'APPLE','/images/macair15.jpg','/images/macair15desc.jpg','/images/macair15thumb.jpg',0.0,sysdate,sysdate);
insert into product (name, price, brand, img,desc_image,prev_image,rating,create_time,update_time) values ('삼성전자 갤럭시북2 NT550XEZ-A58A WIN11 16GB램 (SSD 256GB)',719100,'삼성전자','/images/galbook2.jpg','/images/galbook2desc.jpg','/images/galbook2thumb.jpg',0.0,sysdate,sysdate);
insert into product (name, price, brand, img,desc_image,prev_image,rating,create_time,update_time) values ('삼성전자 갤럭시북3 프로 NT940XFT-A51A (SSD 256GB)',1366100,'삼성전자','/images/galbook3pro.jpg','/images/galbook3prodesc.jpg','/images/galbook3prothumb.jpg',0.0,sysdate,sysdate);
insert into product (name, price, brand, img,desc_image,prev_image,rating,create_time,update_time) values ('LG전자 2023 울트라PC 15UD40R-GX56K WIN11 16GB램 (SSD 256GB)',596000,'LG전자','/images/lgultra15.jpg','/images/lgultra15desc.jpg','/images/lgultra15thumb.jpg',0.0,sysdate,sysdate);
insert into product (name, price, brand, img,desc_image,prev_image,rating,create_time,update_time) values ('HP Nero 15-fc0065AU WIN11 (SSD 512GB)',558000,'HP','/images/hpnero15.jpg','/images/hpnero15desc.jpg','/images/hpnero15thumb.jpg',0.0,sysdate,sysdate);
insert into product (name, price, brand, img,desc_image,prev_image,rating,create_time,update_time) values ('에이서 스위프트 엣지 16 OLED SFE16-43-R8ZU (SSD 512GB)',1518000,'에이서','/images/swiftedge16.jpg','/images/swiftedge16desc.jpg','/images/swiftedge16thumb.jpg',0.0,sysdate,sysdate);
insert into product (name, price, brand, img,desc_image,prev_image,rating,create_time,update_time) values ('에이서 스위프트 GO 14 OLED SFG14-42-R16Z (SSD 512GB)',1028000,'에이서','/images/swiftgo14.jpg','/images/swiftgo14desc.jpg','/images/swiftgo14thumb.jpg',0.0,sysdate,sysdate);
insert into product (name, price, brand, img,desc_image,prev_image,rating,create_time,update_time) values ('ASUS 젠북 15 UM3504DA-BN144 (SSD 512GB)',1005000,'ASUS','/images/genbook15.jpg','/images/genbook15desc.jpg','/images/genbook15thumb.jpg',0.0,sysdate,sysdate);
insert into product (name, price, brand, img,desc_image,prev_image,rating,create_time,update_time) values ('잘만 ZM-NS1000',21000,'잘만','/images/zmns1000.jpg','/images/zmns1000desc.jpg','/images/zmns1000thumb.jpg',0.0,sysdate,sysdate);
insert into product (name, price, brand, img,desc_image,prev_image,rating,create_time,update_time) values ('홈플래닛 고급형 알루미늄 노트북 거치대',24600,'홈플래닛','/images/homeplanet.jpg',null,'/images/homeplanetthumb.jpg',0.0,sysdate,sysdate);
insert into product (name, price, brand, img,desc_image,prev_image,rating,create_time,update_time) values ('지클릭커 휴 쉴드 정보보안 블루라이트 차단 거치형 모니터필름 (24인치)',42000,'지클릭커','/images/shieldfilm.jpg','/images/shieldfilmdesc.jpg','/images/shieldfilmthumb.jpg',0.0,sysdate,sysdate);
insert into product (name, price, brand, img,desc_image,prev_image,rating,create_time,update_time) values ('ASRock DeskMini X300 5600G 120W M.2 대원씨티에스 (16GB, M.2 500GB)',445700,'ASrock','/images/asrockdeskmini.jpg','/images/asrockdeskminidesc.jpg','/images/asrockdeskminithumb.jpg',0.0,sysdate,sysdate);
insert into product (name, price, brand, img,desc_image,prev_image,rating,create_time,update_time) values ('DELL 에일리언웨어 Aurora R15 DAWR15N-WP07KR Dark (64GB, M.2 1TB + 2TB)',5999000,'DELL','/images/aurorar15.jpg',null,'/images/aurorar15thumb.jpg',0.0,sysdate,sysdate);
insert into product (name, price, brand, img,desc_image,prev_image,rating,create_time,update_time) values ('APPLE 아이맥 MGPK3KH/A (8GB, SSD 256GB)',1870000,'APPLE','/images/imac.jpg','/images/imacdesc.jpg','/images/imacthumb.jpg',0.0,sysdate,sysdate);
insert into product (name, price, brand, img,desc_image,prev_image,rating,create_time,update_time) values ('ASUS MiniPC PN40-BC905ZV J4025 Win10 Pro (4GB, eMMC 64GB)',343000,'ASUS','/images/asusminipc.jpg','/images/asusminipcdesc.jpg','/images/asusminipcthumb.jpg',0.0,sysdate,sysdate);
insert into product (name, price, brand, img,desc_image,prev_image,rating,create_time,update_time) values ('APPLE 아이맥 MGPK3KH/A (8GB, SSD 256GB)',1870000,'APPLE','/images/imac.jpg','/images/imacdesc.jpg','/images/imacthumb.jpg',0.0,sysdate,sysdate);


insert into category_set (CATEGORY_PRODUCT_ID) values (8, 1);
insert into category_set (CATEGORY_PRODUCT_ID) values (10, 1);
insert into category_set (CATEGORY_PRODUCT_ID) values (8, 2);
insert into category_set (CATEGORY_PRODUCT_ID) values (10, 2);
insert into category_set (CATEGORY_PRODUCT_ID) values (8, 3);
insert into category_set (CATEGORY_PRODUCT_ID) values (10, 3);
insert into category_set (CATEGORY_PRODUCT_ID) values (8, 4);
insert into category_set (CATEGORY_PRODUCT_ID) values (10, 4);
insert into category_set (CATEGORY_PRODUCT_ID) values (10, 5);
insert into category_set (CATEGORY_PRODUCT_ID) values ( 8, 6);
insert into category_set (CATEGORY_PRODUCT_ID) values ( 10, 6);
insert into category_set (CATEGORY_PRODUCT_ID) values ( 8, 7);
insert into category_set (CATEGORY_PRODUCT_ID) values ( 10, 7);
insert into category_set (CATEGORY_PRODUCT_ID) values ( 8, 8);
insert into category_set (CATEGORY_PRODUCT_ID) values ( 10, 8);
insert into category_set (CATEGORY_PRODUCT_ID) values ( 8, 9);
insert into category_set (CATEGORY_PRODUCT_ID) values ( 10, 9);
insert into category_set (CATEGORY_PRODUCT_ID) values ( 8, 10);
insert into category_set (CATEGORY_PRODUCT_ID) values (10, 10);
insert into category_set (CATEGORY_PRODUCT_ID) values ( 9, 11);
insert into category_set (CATEGORY_PRODUCT_ID) values ( 9, 12);
insert into category_set (CATEGORY_PRODUCT_ID) values ( 10, 13);
insert into category_set (CATEGORY_PRODUCT_ID) values (10, 14);
insert into category_set (CATEGORY_PRODUCT_ID) values ( 11, 15);
insert into category_set (CATEGORY_PRODUCT_ID) values ( 11, 16);
insert into category_set (CATEGORY_PRODUCT_ID) values ( 11, 17);
insert into category_set (CATEGORY_PRODUCT_ID) values (11, 18);
insert into category_set (CATEGORY_PRODUCT_ID) values ( 11, 19);
insert into category_set (CATEGORY_PRODUCT_ID) values ( 12, 20);
insert into category_set (CATEGORY_PRODUCT_ID) values ( 12, 21);
insert into category_set (CATEGORY_PRODUCT_ID) values (12, 22);
insert into category_set (CATEGORY_PRODUCT_ID) values ( 3, 23);
insert into category_set (CATEGORY_PRODUCT_ID) values ( 6, 23);
insert into category_set (CATEGORY_PRODUCT_ID) values ( 3, 24);
insert into category_set (CATEGORY_PRODUCT_ID) values (3, 25);
insert into category_set (CATEGORY_PRODUCT_ID) values ( 3, 26);
insert into category_set (CATEGORY_PRODUCT_ID) values ( 6, 26);



insert into option_set (product_id,stock,total_price,order_count,view_count,create_time,update_time) values(1,1000,1039990,0,0,sysdate,sysdate);
insert into option_set (product_id,stock,total_price,order_count,view_count,create_time,update_time) values(2,1000,1669990,0,0,sysdate,sysdate);
insert into option_set (product_id,stock,total_price,order_count,view_count,create_time,update_time) values(3,1000,1770690,0,0,sysdate,sysdate);
insert into option_set (product_id,stock,total_price,order_count,view_count,create_time,update_time) values(4,1000,1399900,0,0,sysdate,sysdate);
insert into option_set (product_id,stock,total_price,order_count,view_count,create_time,update_time) values(5,1000,1761000,0,0,sysdate,sysdate);
insert into option_set (product_id,stock,total_price,order_count,view_count,create_time,update_time) values(6,1000,1318000,0,0,sysdate,sysdate);
insert into option_set (product_id,stock,total_price,order_count,view_count,create_time,update_time) values(7,1000,1291000,0,0,sysdate,sysdate);
insert into option_set (product_id,stock,total_price,order_count,view_count,create_time,update_time) values(8,1000,1131000,0,0,sysdate,sysdate);
insert into option_set (product_id,stock,total_price,order_count,view_count,create_time,update_time) values(9,1000,1448000,0,0,sysdate,sysdate);
insert into option_set (product_id,stock,total_price,order_count,view_count,create_time,update_time) values(10,1000,1377000,0,0,sysdate,sysdate);
insert into option_set (product_id,stock,total_price,order_count,view_count,create_time,update_time) values(11,1000,2556100,0,0,sysdate,sysdate);
insert into option_set (product_id,stock,total_price,order_count,view_count,create_time,update_time) values(12,1000,1754100,0,0,sysdate,sysdate);
insert into option_set (product_id,stock,total_price,order_count,view_count,create_time,update_time) values(13,1000,719100,0,0,sysdate,sysdate);
insert into option_set (product_id,stock,total_price,order_count,view_count,create_time,update_time) values(14,1000,1366100,0,0,sysdate,sysdate);
insert into option_set (product_id,stock,total_price,order_count,view_count,create_time,update_time) values(15,1000,596000,0,0,sysdate,sysdate);
insert into option_set (product_id,stock,total_price,order_count,view_count,create_time,update_time) values(16,1000,558000,0,0,sysdate,sysdate);
insert into option_set (product_id,stock,total_price,order_count,view_count,create_time,update_time) values(17,1000,1518000,0,0,sysdate,sysdate);
insert into option_set (product_id,stock,total_price,order_count,view_count,create_time,update_time) values(18,1000,1028000,0,0,sysdate,sysdate);
insert into option_set (product_id,stock,total_price,order_count,view_count,create_time,update_time) values(19,1000,1005000,0,0,sysdate,sysdate);
insert into option_set (product_id,stock,total_price,order_count,view_count,create_time,update_time) values(20,1000,21000,0,0,sysdate,sysdate);
insert into option_set (product_id,stock,total_price,order_count,view_count,create_time,update_time) values(21,1000,24600,0,0,sysdate,sysdate);
insert into option_set (product_id,stock,total_price,order_count,view_count,create_time,update_time) values(22,1000,42000,0,0,sysdate,sysdate);
insert into option_set (product_id,stock,total_price,order_count,view_count,create_time,update_time) values(23,1000,445700,0,0,sysdate,sysdate);
insert into option_set (product_id,stock,total_price,order_count,view_count,create_time,update_time) values(24,1000,5999000,0,0,sysdate,sysdate);
insert into option_set (product_id,stock,total_price,order_count,view_count,create_time,update_time) values(25,1000,1870000,0,0,sysdate,sysdate);
insert into option_set (product_id,stock,total_price,order_count,view_count,create_time,update_time) values(26,1000,343000,0,0,sysdate,sysdate);
insert into option_set (product_id,stock,total_price,order_count,view_count,create_time,update_time) values(24,1000,1870000,0,0,sysdate,sysdate);

insert into options (EXTRA_PRICE, OPTION_SET_ID, NAME, VALUE) values (0, 1, '운영체제', '미포함');
insert into options (EXTRA_PRICE, OPTION_SET_ID, NAME, VALUE) values (0, 1, '화면비율', '16:9');
insert into options (EXTRA_PRICE, OPTION_SET_ID, NAME, VALUE) values (0, 1, '화면크기', '15.6인치');
insert into options (EXTRA_PRICE, OPTION_SET_ID, NAME, VALUE) values (0, 1, '해상도', '1920x1080');
insert into options (EXTRA_PRICE, OPTION_SET_ID, NAME, VALUE) values (0, 1, '광시야각', 'O');
insert into options (EXTRA_PRICE, OPTION_SET_ID, NAME, VALUE) values (10000, 1, 'CPU', '코어i5-12세대');
insert into options (EXTRA_PRICE, OPTION_SET_ID, NAME, VALUE) values (0,1, '램용량', '8GB');
insert into options (EXTRA_PRICE, OPTION_SET_ID, NAME, VALUE) values (0, 1, 'GPU', '	RTX4050');
insert into options (EXTRA_PRICE, OPTION_SET_ID, NAME, VALUE) values (68000, 1, '저장용량', '512GB');
insert into options (EXTRA_PRICE, OPTION_SET_ID, NAME, VALUE) values (0, 1, '무게', '2kg');

insert into options (EXTRA_PRICE, OPTION_SET_ID, NAME, VALUE) values (0, 2, '운영체제', '미포함');
insert into options (EXTRA_PRICE, OPTION_SET_ID, NAME, VALUE) values (0, 2, '화면비율', '16:10');
insert into options (EXTRA_PRICE, OPTION_SET_ID, NAME, VALUE) values (0,  2, '화면크기', '16인치');
insert into options (EXTRA_PRICE, OPTION_SET_ID, NAME, VALUE) values (0,  2, '해상도', '2560x1600');
insert into options (EXTRA_PRICE, OPTION_SET_ID, NAME, VALUE) values (0,  2, '광시야각', 'O');
insert into options (EXTRA_PRICE, OPTION_SET_ID, NAME, VALUE) values (80000, 2, 'CPU', '코어i9-13세대');
insert into options (EXTRA_PRICE, OPTION_SET_ID, NAME, VALUE) values (80000, 2, '램용량', '16GB');
insert into options (EXTRA_PRICE, OPTION_SET_ID, NAME, VALUE) values (12310, 2, 'GPU', '	RTX4060');
insert into options (EXTRA_PRICE, OPTION_SET_ID, NAME, VALUE) values (68000,  2, '저장용량', '512GB');
insert into options (EXTRA_PRICE, OPTION_SET_ID, NAME, VALUE) values (0, 2, '무게', '2.6kg');

insert into options (EXTRA_PRICE, OPTION_SET_ID, NAME, VALUE) values (0,  3, '운영체제', '미포함');
insert into options (EXTRA_PRICE, OPTION_SET_ID, NAME, VALUE) values (0,  3, '화면비율', '16:10');
insert into options (EXTRA_PRICE, OPTION_SET_ID, NAME, VALUE) values (0,  3, '화면크기', '14.5인치');
insert into options (EXTRA_PRICE, OPTION_SET_ID, NAME, VALUE) values (0,  3, '해상도', '3072x1920');
insert into options (EXTRA_PRICE, OPTION_SET_ID, NAME, VALUE) values (0,  3, '광시야각', 'O');
insert into options (EXTRA_PRICE, OPTION_SET_ID, NAME, VALUE) values (80000, 3, 'CPU', '코어i7-13세대');
insert into options (EXTRA_PRICE, OPTION_SET_ID, NAME, VALUE) values (80000,  3, '램용량', '16GB');
insert into options (EXTRA_PRICE, OPTION_SET_ID, NAME, VALUE) values (12310,  3, 'GPU', '	RTX4050');
insert into options (EXTRA_PRICE, OPTION_SET_ID, NAME, VALUE) values (68000,  3, '저장용량', '512GB');
insert into options (EXTRA_PRICE, OPTION_SET_ID, NAME, VALUE) values (0,  3, '무게', '1.5kg');
insert into options (EXTRA_PRICE, OPTION_SET_ID, NAME, VALUE) values (0, 3, '슬림형 베젤', 'O');
insert into options (EXTRA_PRICE, OPTION_SET_ID, NAME, VALUE) values (0, 3, '돌비비전', 'O');
insert into options (EXTRA_PRICE, OPTION_SET_ID, NAME, VALUE) values (0, 3, '얼굴인식', 'O');

insert into options (EXTRA_PRICE, OPTION_SET_ID, NAME, VALUE) values (0, 4, '운영체제', '미포함');
insert into options (EXTRA_PRICE, OPTION_SET_ID, NAME, VALUE) values (0,  4, '화면비율', '16:10');
insert into options (EXTRA_PRICE, OPTION_SET_ID, NAME, VALUE) values (0, 4, '화면크기', '16인치');
insert into options (EXTRA_PRICE, OPTION_SET_ID, NAME, VALUE) values (0, 4, '해상도', '1920x1200');
insert into options (EXTRA_PRICE, OPTION_SET_ID, NAME, VALUE) values (0, 4, '광시야각', 'O');
insert into options (EXTRA_PRICE, OPTION_SET_ID, NAME, VALUE) values (80000,  4, 'CPU', '코어i5-13세대');
insert into options (EXTRA_PRICE, OPTION_SET_ID, NAME, VALUE) values (80000, 4, '램용량', '16GB');
insert into options (EXTRA_PRICE, OPTION_SET_ID, NAME, VALUE) values (12310,  4, 'GPU', '	RTX4060');
insert into options (EXTRA_PRICE, OPTION_SET_ID, NAME, VALUE) values (68000, 4, '저장용량', '512GB');
insert into options (EXTRA_PRICE, OPTION_SET_ID, NAME, VALUE) values (0, 4, '무게', '2.6kg');

insert into options (EXTRA_PRICE, OPTION_SET_ID, NAME, VALUE) values (150000, 5, '운영체제', '윈도우11홈');
insert into options (EXTRA_PRICE, OPTION_SET_ID, NAME, VALUE) values (0, 5, '화면비율', '16:10');
insert into options (EXTRA_PRICE, OPTION_SET_ID, NAME, VALUE) values (0,  5, '화면크기', '16인치');
insert into options (EXTRA_PRICE, OPTION_SET_ID, NAME, VALUE) values (0,  5, '해상도', '2560x1600');
insert into options (EXTRA_PRICE, OPTION_SET_ID, NAME, VALUE) values (0,  5, '광시야각', 'O');
insert into options (EXTRA_PRICE, OPTION_SET_ID, NAME, VALUE) values (10000, 5, 'CPU', '코어i5-13세대');
insert into options (EXTRA_PRICE, OPTION_SET_ID, NAME, VALUE) values (12320,  5, '램용량', '16GB');
insert into options (EXTRA_PRICE, OPTION_SET_ID, NAME, VALUE) values (0, 5, 'GPU', 'RTX3050');
insert into options (EXTRA_PRICE, OPTION_SET_ID, NAME, VALUE) values (68000, 5, '저장용량', '512GB');
insert into options (EXTRA_PRICE, OPTION_SET_ID, NAME, VALUE) values (0,5, '무게', '1.3kg');
insert into options (EXTRA_PRICE, OPTION_SET_ID, NAME, VALUE) values (0,  5, '슬림형 베젤', 'O');
insert into options (EXTRA_PRICE, OPTION_SET_ID, NAME, VALUE) values (0, 5, '얼굴인식', 'O');

insert into options (EXTRA_PRICE, OPTION_SET_ID, NAME, VALUE) values (0, 6, '운영체제', '미포함');
insert into options (EXTRA_PRICE, OPTION_SET_ID, NAME, VALUE) values (0,  6, '화면비율', '16:9');
insert into options (EXTRA_PRICE, OPTION_SET_ID, NAME, VALUE) values (0,  6, '화면크기', '17.3인치');
insert into options (EXTRA_PRICE, OPTION_SET_ID, NAME, VALUE) values (0,  6, '해상도', '1920x1080');
insert into options (EXTRA_PRICE, OPTION_SET_ID, NAME, VALUE) values (0, 6, '광시야각', 'O');
insert into options (EXTRA_PRICE, OPTION_SET_ID, NAME, VALUE) values (10000,  6, 'CPU', '코어i7-13세대');
insert into options (EXTRA_PRICE, OPTION_SET_ID, NAME, VALUE) values (0,  6, '램용량', '16GB');
insert into options (EXTRA_PRICE, OPTION_SET_ID, NAME, VALUE) values (0,  6, 'GPU', '	RTX4060');
insert into options (EXTRA_PRICE, OPTION_SET_ID, NAME, VALUE) values (68000,  6, '저장용량', '512GB');
insert into options (EXTRA_PRICE, OPTION_SET_ID, NAME, VALUE) values (0,  6, '무게', '2.6kg');

insert into options (EXTRA_PRICE, OPTION_SET_ID, NAME, VALUE) values (0,  7, '운영체제', '미포함');
insert into options (EXTRA_PRICE, OPTION_SET_ID, NAME, VALUE) values (0,  7, '화면비율', '16:10');
insert into options (EXTRA_PRICE, OPTION_SET_ID, NAME, VALUE) values (0,  7, '화면크기', '16인치');
insert into options (EXTRA_PRICE, OPTION_SET_ID, NAME, VALUE) values (0,  7, '해상도', '2560x1600');
insert into options (EXTRA_PRICE, OPTION_SET_ID, NAME, VALUE) values (0,  7, '광시야각', 'O');
insert into options (EXTRA_PRICE, OPTION_SET_ID, NAME, VALUE) values (10000,  7, 'CPU', '코어i7-13세대');
insert into options (EXTRA_PRICE, OPTION_SET_ID, NAME, VALUE) values (0,  7, '램용량', '16GB');
insert into options (EXTRA_PRICE, OPTION_SET_ID, NAME, VALUE) values (0,  7, 'GPU', '	RTX3050');
insert into options (EXTRA_PRICE, OPTION_SET_ID, NAME, VALUE) values (68000,  7, '저장용량', '512GB');
insert into options (EXTRA_PRICE, OPTION_SET_ID, NAME, VALUE) values (0,  7, '무게', '1.9kg');
insert into options (EXTRA_PRICE, OPTION_SET_ID, NAME, VALUE) values (0,  7, '슬림형베젤', 'O');


insert into options (EXTRA_PRICE, OPTION_SET_ID, NAME, VALUE) values (0,  9, '운영체제', '윈도우11');
insert into options (EXTRA_PRICE, OPTION_SET_ID, NAME, VALUE) values (0,  9, '화면비율', '16:9');
insert into options (EXTRA_PRICE, OPTION_SET_ID, NAME, VALUE) values (0,  9, '화면크기', '17.3인치');
insert into options (EXTRA_PRICE, OPTION_SET_ID, NAME, VALUE) values (0,  9, '해상도', '1920x1080');
insert into options (EXTRA_PRICE, OPTION_SET_ID, NAME, VALUE) values (0, 9, '광시야각', 'O');
insert into options (EXTRA_PRICE, OPTION_SET_ID, NAME, VALUE) values (10000,  9, 'CPU', '코어i7-13세대');
insert into options (EXTRA_PRICE, OPTION_SET_ID, NAME, VALUE) values (0,  9, '램용량', '32GB');
insert into options (EXTRA_PRICE, OPTION_SET_ID, NAME, VALUE) values (0,  9, 'GPU', '	RTX4060');
insert into options (EXTRA_PRICE, OPTION_SET_ID, NAME, VALUE) values (68000,  9, '저장용량', '512GB');
insert into options (EXTRA_PRICE, OPTION_SET_ID, NAME, VALUE) values (0,  9, '무게', '2.6kg');

insert into options (EXTRA_PRICE, OPTION_SET_ID, NAME, VALUE) values (0,  10, '운영체제', '미포함');
insert into options (EXTRA_PRICE, OPTION_SET_ID, NAME, VALUE) values (0,  10, '화면비율', '16:10');
insert into options (EXTRA_PRICE, OPTION_SET_ID, NAME, VALUE) values (0,  10, '화면크기', '16인치');
insert into options (EXTRA_PRICE, OPTION_SET_ID, NAME, VALUE) values (0,  10, '해상도', '2560x1600');
insert into options (EXTRA_PRICE, OPTION_SET_ID, NAME, VALUE) values (0,  10, '광시야각', 'O');
insert into options (EXTRA_PRICE, OPTION_SET_ID, NAME, VALUE) values (10000,  10, 'CPU', '코어i5-12세대');
insert into options (EXTRA_PRICE, OPTION_SET_ID, NAME, VALUE) values (0,  10, '램용량', '16GB');
insert into options (EXTRA_PRICE, OPTION_SET_ID, NAME, VALUE) values (0,  10, 'GPU', '	RTX2050');
insert into options (EXTRA_PRICE, OPTION_SET_ID, NAME, VALUE) values (68000,  10, '저장용량', '256GB');
insert into options (EXTRA_PRICE, OPTION_SET_ID, NAME, VALUE) values (0,  10, '무게', '1.2kg');
insert into options (EXTRA_PRICE, OPTION_SET_ID, NAME, VALUE) values (0,  10, '슬림형베젤', 'O');
insert into options (EXTRA_PRICE, OPTION_SET_ID, NAME, VALUE) values (0,  10, '얼굴인식', 'O');

insert into options (EXTRA_PRICE, OPTION_SET_ID, NAME, VALUE) values (0,  11, '운영체제', 'macOS Ventura');
insert into options (EXTRA_PRICE, OPTION_SET_ID, NAME, VALUE) values (0,  11, '지문인식', 'O');
insert into options (EXTRA_PRICE, OPTION_SET_ID, NAME, VALUE) values (0,  11, '화면크기', '14.2인치');
insert into options (EXTRA_PRICE, OPTION_SET_ID, NAME, VALUE) values (0,  11, '해상도', '3024x1964');
insert into options (EXTRA_PRICE, OPTION_SET_ID, NAME, VALUE) values (0,  11, '광시야각', 'O');
insert into options (EXTRA_PRICE, OPTION_SET_ID, NAME, VALUE) values (10000,  11, 'CPU', '실리콘M2-Pro');
insert into options (EXTRA_PRICE, OPTION_SET_ID, NAME, VALUE) values (0,  11, '램용량', '16GB');
insert into options (EXTRA_PRICE, OPTION_SET_ID, NAME, VALUE) values (0,  11, 'GPU', 'M2 Pro 16core');
insert into options (EXTRA_PRICE, OPTION_SET_ID, NAME, VALUE) values (68000,  11, '저장용량', '512GB');
insert into options (EXTRA_PRICE, OPTION_SET_ID, NAME, VALUE) values (0,  11, '무게', '1.6kg');

insert into options (EXTRA_PRICE, OPTION_SET_ID, NAME, VALUE) values (0,  12, '운영체제', 'macOS Ventura');
insert into options (EXTRA_PRICE, OPTION_SET_ID, NAME, VALUE) values (0,  12, '화면비율', '16:10');
insert into options (EXTRA_PRICE, OPTION_SET_ID, NAME, VALUE) values (0,  12, '화면크기', '15.3인치');
insert into options (EXTRA_PRICE, OPTION_SET_ID, NAME, VALUE) values (0,  12, '해상도', '2880x1864');
insert into options (EXTRA_PRICE, OPTION_SET_ID, NAME, VALUE) values (0,  12, '광시야각', 'O');
insert into options (EXTRA_PRICE, OPTION_SET_ID, NAME, VALUE) values (0,  12, '트루톤', 'O');
insert into options (EXTRA_PRICE, OPTION_SET_ID, NAME, VALUE) values (0,  12, '지문인식', 'O');
insert into options (EXTRA_PRICE, OPTION_SET_ID, NAME, VALUE) values (10000,  12, 'CPU', '실리콘M2');
insert into options (EXTRA_PRICE, OPTION_SET_ID, NAME, VALUE) values (0,  12, '램용량', '8GB');
insert into options (EXTRA_PRICE, OPTION_SET_ID, NAME, VALUE) values (0,  12, 'GPU', '	M2 10 core');
insert into options (EXTRA_PRICE, OPTION_SET_ID, NAME, VALUE) values (68000,  12, '저장용량', '256GB');
insert into options (EXTRA_PRICE, OPTION_SET_ID, NAME, VALUE) values (0,  12, '무게', '1.5kg');

insert into options (EXTRA_PRICE, OPTION_SET_ID, NAME, VALUE) values (0,  13, '운영체제', '윈도우11');
insert into options (EXTRA_PRICE, OPTION_SET_ID, NAME, VALUE) values (0,  13, '화면비율', '16:9');
insert into options (EXTRA_PRICE, OPTION_SET_ID, NAME, VALUE) values (0,  13, '화면크기', '15.6인치');
insert into options (EXTRA_PRICE, OPTION_SET_ID, NAME, VALUE) values (0,  13, '해상도', '1920x1080');
insert into options (EXTRA_PRICE, OPTION_SET_ID, NAME, VALUE) values (0,  13, '광시야각', 'O');
insert into options (EXTRA_PRICE, OPTION_SET_ID, NAME, VALUE) values (0,  13, '슬림형베젤', 'O');
insert into options (EXTRA_PRICE, OPTION_SET_ID, NAME, VALUE) values (10000,  13, 'CPU', '코어i5-12세대');
insert into options (EXTRA_PRICE, OPTION_SET_ID, NAME, VALUE) values (0,  13, '램용량', '16GB');
insert into options (EXTRA_PRICE, OPTION_SET_ID, NAME, VALUE) values (0,  13, 'GPU', 'UHD Graphics');
insert into options (EXTRA_PRICE, OPTION_SET_ID, NAME, VALUE) values (68000,  13, '저장용량', '256GB');
insert into options (EXTRA_PRICE, OPTION_SET_ID, NAME, VALUE) values (0,  13, '무게', '1.8kg');

insert into options (EXTRA_PRICE, OPTION_SET_ID, NAME, VALUE) values (0,  14, '운영체제', '미포함');
insert into options (EXTRA_PRICE, OPTION_SET_ID, NAME, VALUE) values (0,  14, '화면비율', '16:10');
insert into options (EXTRA_PRICE, OPTION_SET_ID, NAME, VALUE) values (0,  14, '화면크기', '14인치');
insert into options (EXTRA_PRICE, OPTION_SET_ID, NAME, VALUE) values (0,  14, '해상도', '2880x1800');
insert into options (EXTRA_PRICE, OPTION_SET_ID, NAME, VALUE) values (0,  14, '광시야각', 'O');
insert into options (EXTRA_PRICE, OPTION_SET_ID, NAME, VALUE) values (0,  14, '슬림형베젤', 'O');
insert into options (EXTRA_PRICE, OPTION_SET_ID, NAME, VALUE) values (10000,  14, 'CPU', '코어i5-13세대');
insert into options (EXTRA_PRICE, OPTION_SET_ID, NAME, VALUE) values (0,  14, '램용량', '16GB');
insert into options (EXTRA_PRICE, OPTION_SET_ID, NAME, VALUE) values (0,  14, 'GPU', 'Iris Xe');
insert into options (EXTRA_PRICE, OPTION_SET_ID, NAME, VALUE) values (68000,  14, '저장용량', '256GB');
insert into options (EXTRA_PRICE, OPTION_SET_ID, NAME, VALUE) values (0,  14, '무게', '1.2kg');
insert into options (EXTRA_PRICE, OPTION_SET_ID, NAME, VALUE) values (0,  14, '지문인식', 'O');
insert into options (EXTRA_PRICE, OPTION_SET_ID, NAME, VALUE) values (0,  14, 'microSD카드', 'O');

insert into options (EXTRA_PRICE, OPTION_SET_ID, NAME, VALUE) values (0,  15, '운영체제', '윈도우11');
insert into options (EXTRA_PRICE, OPTION_SET_ID, NAME, VALUE) values (0,  15, '화면비율', '16:9');
insert into options (EXTRA_PRICE, OPTION_SET_ID, NAME, VALUE) values (0,  15, '화면크기', '15.6인치');
insert into options (EXTRA_PRICE, OPTION_SET_ID, NAME, VALUE) values (0, 15, '해상도', '1920x1080');
insert into options (EXTRA_PRICE, OPTION_SET_ID, NAME, VALUE) values (0,  15, '광시야각', 'O');
insert into options (EXTRA_PRICE, OPTION_SET_ID, NAME, VALUE) values (0,  15, '슬림형베젤', 'O');
insert into options (EXTRA_PRICE, OPTION_SET_ID, NAME, VALUE) values (10000,  15, 'CPU', '라이젠5(Zen3)');
insert into options (EXTRA_PRICE, OPTION_SET_ID, NAME, VALUE) values (0,  15, '램용량', '16GB');
insert into options (EXTRA_PRICE, OPTION_SET_ID, NAME, VALUE) values (0,  15, 'GPU', 'Radeon Graphics');
insert into options (EXTRA_PRICE, OPTION_SET_ID, NAME, VALUE) values (68000,  15, '저장용량', '256GB');
insert into options (EXTRA_PRICE, OPTION_SET_ID, NAME, VALUE) values (0,  15, '무게', '1.7kg');
insert into options (EXTRA_PRICE, OPTION_SET_ID, NAME, VALUE) values (0,  15, 'microSD카드', 'O');

insert into options (EXTRA_PRICE, OPTION_SET_ID, NAME, VALUE) values (0,  16, '운영체제', '윈도우11');
insert into options (EXTRA_PRICE, OPTION_SET_ID, NAME, VALUE) values (0,  16, '화면비율', '16:9');
insert into options (EXTRA_PRICE, OPTION_SET_ID, NAME, VALUE) values (0,  16, '화면크기', '15.6인치');
insert into options (EXTRA_PRICE, OPTION_SET_ID, NAME, VALUE) values (0,  16, '해상도', '1920x1080');
insert into options (EXTRA_PRICE, OPTION_SET_ID, NAME, VALUE) values (0,  16, '광시야각', 'O');
insert into options (EXTRA_PRICE, OPTION_SET_ID, NAME, VALUE) values (0,  16, '슬림형베젤', 'O');
insert into options (EXTRA_PRICE, OPTION_SET_ID, NAME, VALUE) values (10000,  16, 'CPU', '라이젠5(Zen3)');
insert into options (EXTRA_PRICE, OPTION_SET_ID, NAME, VALUE) values (0,  16, '램용량', '16GB');
insert into options (EXTRA_PRICE, OPTION_SET_ID, NAME, VALUE) values (0,  16, 'GPU', 'Radeon Graphics');
insert into options (EXTRA_PRICE, OPTION_SET_ID, NAME, VALUE) values (68000,  16, '저장용량', '512GB');
insert into options (EXTRA_PRICE, OPTION_SET_ID, NAME, VALUE) values (0,  16, '무게', '1.6kg');

insert into options (EXTRA_PRICE, OPTION_SET_ID, NAME, VALUE) values (0,  17, '운영체제', '미포함');
insert into options (EXTRA_PRICE, OPTION_SET_ID, NAME, VALUE) values (0,  17, '화면비율', '16:10');
insert into options (EXTRA_PRICE, OPTION_SET_ID, NAME, VALUE) values (0,  17, '화면크기', '16인치');
insert into options (EXTRA_PRICE, OPTION_SET_ID, NAME, VALUE) values (0,  17, '해상도', '3200x2000');
insert into options (EXTRA_PRICE, OPTION_SET_ID, NAME, VALUE) values (0,  17, '광시야각', 'O');
insert into options (EXTRA_PRICE, OPTION_SET_ID, NAME, VALUE) values (0,  17, '슬림형베젤', 'O');
insert into options (EXTRA_PRICE, OPTION_SET_ID, NAME, VALUE) values (10000,  17, 'CPU', '라이젠7(Zen4)');
insert into options (EXTRA_PRICE, OPTION_SET_ID, NAME, VALUE) values (0,  17, '램용량', '32GB');
insert into options (EXTRA_PRICE, OPTION_SET_ID, NAME, VALUE) values (0,  17, 'GPU', 'Radeon 780M');
insert into options (EXTRA_PRICE, OPTION_SET_ID, NAME, VALUE) values (68000,  17, '저장용량', '512GB');
insert into options (EXTRA_PRICE, OPTION_SET_ID, NAME, VALUE) values (0,  17, '무게', '1.2kg');
insert into options (EXTRA_PRICE, OPTION_SET_ID, NAME, VALUE) values (0,  17, '지문인식', 'O');
insert into options (EXTRA_PRICE, OPTION_SET_ID, NAME, VALUE) values (0,  17, 'microSD카드', 'O');

insert into options (EXTRA_PRICE, OPTION_SET_ID, NAME, VALUE) values (0,  18, '운영체제', '미포함');
insert into options (EXTRA_PRICE, OPTION_SET_ID, NAME, VALUE) values (0,  18, '화면비율', '16:10');
insert into options (EXTRA_PRICE, OPTION_SET_ID, NAME, VALUE) values (0,  18, '화면크기', '14인치');
insert into options (EXTRA_PRICE, OPTION_SET_ID, NAME, VALUE) values (0,  18, '해상도', '2880x1800');
insert into options (EXTRA_PRICE, OPTION_SET_ID, NAME, VALUE) values (0,  18, '광시야각', 'O');
insert into options (EXTRA_PRICE, OPTION_SET_ID, NAME, VALUE) values (0,  18, '슬림형베젤', 'O');
insert into options (EXTRA_PRICE, OPTION_SET_ID, NAME, VALUE) values (10000,  18, 'CPU', '라이젠7(Zen4)');
insert into options (EXTRA_PRICE, OPTION_SET_ID, NAME, VALUE) values (0,  18, '램용량', '16GB');
insert into options (EXTRA_PRICE, OPTION_SET_ID, NAME, VALUE) values (0,  18, 'GPU', 'Radeon 780M');
insert into options (EXTRA_PRICE, OPTION_SET_ID, NAME, VALUE) values (68000,  18, '저장용량', '512GB');
insert into options (EXTRA_PRICE, OPTION_SET_ID, NAME, VALUE) values (0,  18, '무게', '1.3kg');
insert into options (EXTRA_PRICE, OPTION_SET_ID, NAME, VALUE) values (0,  18, '지문인식', 'O');
insert into options (EXTRA_PRICE, OPTION_SET_ID, NAME, VALUE) values (0,  18, 'microSD카드', 'O');

insert into options (EXTRA_PRICE, OPTION_SET_ID, NAME, VALUE) values (0,  19, '운영체제', '미포함');
insert into options (EXTRA_PRICE, OPTION_SET_ID, NAME, VALUE) values (0,  19, '화면비율', '16:9');
insert into options (EXTRA_PRICE, OPTION_SET_ID, NAME, VALUE) values (0,  19, '화면크기', '15.6인치');
insert into options (EXTRA_PRICE, OPTION_SET_ID, NAME, VALUE) values (0,  19, '해상도', '1920x1080');
insert into options (EXTRA_PRICE, OPTION_SET_ID, NAME, VALUE) values (0,  19, '광시야각', 'O');
insert into options (EXTRA_PRICE, OPTION_SET_ID, NAME, VALUE) values (0,  19, '슬림형베젤', 'O');
insert into options (EXTRA_PRICE, OPTION_SET_ID, NAME, VALUE) values (10000,  19, 'CPU', '라이젠5(Zen3+)');
insert into options (EXTRA_PRICE, OPTION_SET_ID, NAME, VALUE) values (0,  19, '램용량', '16GB');
insert into options (EXTRA_PRICE, OPTION_SET_ID, NAME, VALUE) values (0,  19, 'GPU', 'Radeon 660M');
insert into options (EXTRA_PRICE, OPTION_SET_ID, NAME, VALUE) values (68000,  19, '저장용량', '512GB');
insert into options (EXTRA_PRICE, OPTION_SET_ID, NAME, VALUE) values (0,  19, '무게', '1.5kg');
insert into options (EXTRA_PRICE, OPTION_SET_ID, NAME, VALUE) values (0,  19, '얼굴인식', 'O');

insert into options (EXTRA_PRICE, OPTION_SET_ID, NAME, VALUE) values (0,  20, '종류', '쿨링패드');
insert into options (EXTRA_PRICE, OPTION_SET_ID, NAME, VALUE) values (0,  20, '재질', '플라스틱');
insert into options (EXTRA_PRICE, OPTION_SET_ID, NAME, VALUE) values (0,  20, '호환크기', '16인치');
insert into options (EXTRA_PRICE, OPTION_SET_ID, NAME, VALUE) values (0,  20, '미끄럼방지', 'O');
insert into options (EXTRA_PRICE, OPTION_SET_ID, NAME, VALUE) values (0,  20, '저소음', 'O');

insert into options (EXTRA_PRICE, OPTION_SET_ID, NAME, VALUE) values (0,  21, '종류', '받침대');
insert into options (EXTRA_PRICE, OPTION_SET_ID, NAME, VALUE) values (0,  21, '호환크기', '17인치');

insert into options (EXTRA_PRICE, OPTION_SET_ID, NAME, VALUE) values (0,  22, '종류', '액정보호필름');
insert into options (EXTRA_PRICE, OPTION_SET_ID, NAME, VALUE) values (0, 22, '호환크기', '24인치');
insert into options (EXTRA_PRICE, OPTION_SET_ID, NAME, VALUE) values (0,  22, '재질', 'PET');
insert into options (EXTRA_PRICE, OPTION_SET_ID, NAME, VALUE) values (0,  22, '눈부심방지', 'O');
insert into options (EXTRA_PRICE, OPTION_SET_ID, NAME, VALUE) values (0,  22, '자외선차단', 'O');
insert into options (EXTRA_PRICE, OPTION_SET_ID, NAME, VALUE) values (0,  22, '블루라이트차단', 'O');

insert into options (EXTRA_PRICE, OPTION_SET_ID, NAME, VALUE) values (0,  23, 'CPU', '라이젠5-4세대');
insert into options (EXTRA_PRICE, OPTION_SET_ID, NAME, VALUE) values (0,  23, '메모리용량', '16GB');
insert into options (EXTRA_PRICE, OPTION_SET_ID, NAME, VALUE) values (0,  23, '저장용량', '500GB');
insert into options (EXTRA_PRICE, OPTION_SET_ID, NAME, VALUE) values (0,  23, '운영체제', '미포함');
insert into options (EXTRA_PRICE, OPTION_SET_ID, NAME, VALUE) values (0,  23, 'GPU', '라데온 그래픽스 7');

insert into options (EXTRA_PRICE, OPTION_SET_ID, NAME, VALUE) values (0,  24, 'CPU', '코어i9-13세대');
insert into options (EXTRA_PRICE, OPTION_SET_ID, NAME, VALUE) values (1500000,  24, '메모리용량', '64GB');
insert into options (EXTRA_PRICE, OPTION_SET_ID, NAME, VALUE) values (0,  24, '저장용량', '1TB');
insert into options (EXTRA_PRICE, OPTION_SET_ID, NAME, VALUE) values (0,  24, '그래픽메모리', '16GB');
insert into options (EXTRA_PRICE, OPTION_SET_ID, NAME, VALUE) values (0,  24, 'GPU', '지포스 RTX 4080');
insert into options (EXTRA_PRICE, OPTION_SET_ID, NAME, VALUE) values (0,  24, '운영체제', '윈도우11프로');

insert into options (EXTRA_PRICE, OPTION_SET_ID, NAME, VALUE) values (0,  25, 'CPU', 'M1');
insert into options (EXTRA_PRICE, OPTION_SET_ID, NAME, VALUE) values (0,  25, '메모리용량', '8GB');
insert into options (EXTRA_PRICE, OPTION_SET_ID, NAME, VALUE) values (0,  25, '저장용량', '256GB');
insert into options (EXTRA_PRICE, OPTION_SET_ID, NAME, VALUE) values (0,  25, '그래픽메모리', '16GB');
insert into options (EXTRA_PRICE, OPTION_SET_ID, NAME, VALUE) values (0,  25, 'GPU', 'M1 8 core');
insert into options (EXTRA_PRICE, OPTION_SET_ID, NAME, VALUE) values (0,  25, '운영체제', 'Mac OS Big Sur');
insert into options (EXTRA_PRICE, OPTION_SET_ID, NAME, VALUE) values (0,  25, '화면크기', '24인치');
insert into options (EXTRA_PRICE, OPTION_SET_ID, NAME, VALUE) values (0,  25, '해상도', '4480x2520');

insert into options (EXTRA_PRICE, OPTION_SET_ID, NAME, VALUE) values (0,  26, 'CPU', '셀러론');
insert into options (EXTRA_PRICE, OPTION_SET_ID, NAME, VALUE) values (0,  26, '메모리용량', '4GB');
insert into options (EXTRA_PRICE, OPTION_SET_ID, NAME, VALUE) values (0,  26, '저장용량', '64GB');
insert into options (EXTRA_PRICE, OPTION_SET_ID, NAME, VALUE) values (0,  26, 'GPU', 'UHD 그래픽스 600');
insert into options (EXTRA_PRICE, OPTION_SET_ID, NAME, VALUE) values (0,  26, '운영체제', '윈도우10프로');

insert into options (EXTRA_PRICE, OPTION_SET_ID, NAME, VALUE) values (0,  27, 'CPU', '코어i9-13세대');
insert into options (EXTRA_PRICE, OPTION_SET_ID, NAME, VALUE) values (0,  27, '메모리용량', '32GB');
insert into options (EXTRA_PRICE, OPTION_SET_ID, NAME, VALUE) values (0,  27, '저장용량', '1TB');
insert into options (EXTRA_PRICE, OPTION_SET_ID, NAME, VALUE) values (0,  27, '그래픽메모리', '16GB');
insert into options (EXTRA_PRICE, OPTION_SET_ID, NAME, VALUE) values (0,  27, 'GPU', '지포스 RTX 3080');
insert into options (EXTRA_PRICE, OPTION_SET_ID, NAME, VALUE) values (0,  27, '운영체제', '윈도우11프로');

insert into options (EXTRA_PRICE, OPTION_SET_ID, NAME, VALUE) values (0,  8, '운영체제', '미포함');
insert into options (EXTRA_PRICE, OPTION_SET_ID, NAME, VALUE) values (0,  8, '화면비율', '16:9');
insert into options (EXTRA_PRICE, OPTION_SET_ID, NAME, VALUE) values (0,  8, '화면크기', '15.6인치');
insert into options (EXTRA_PRICE, OPTION_SET_ID, NAME, VALUE) values (0,  8, '해상도', '1920x1080');
insert into options (EXTRA_PRICE, OPTION_SET_ID, NAME, VALUE) values (0,  8, '광시야각', 'O');
insert into options (EXTRA_PRICE, OPTION_SET_ID, NAME, VALUE) values (10000,  8, 'CPU', '코어i7-12세대');
insert into options (EXTRA_PRICE, OPTION_SET_ID, NAME, VALUE) values (0,  8, '램용량', '8GB');
insert into options (EXTRA_PRICE, OPTION_SET_ID, NAME, VALUE) values (0,  8, 'GPU', '	RTX4050');
insert into options (EXTRA_PRICE, OPTION_SET_ID, NAME, VALUE) values (68000,  8, '저장용량', '512GB');
insert into options (EXTRA_PRICE, OPTION_SET_ID, NAME, VALUE) values (0,  8, '무게', '1.7kg');
insert into options (EXTRA_PRICE, OPTION_SET_ID, NAME, VALUE) values (0,  8, '슬림형베젤', 'O');

